Compartment,MP_form,Size_Bin,k_discorporation,k_fragmentation,k_heteroaggregation,k_heteroaggregate_breackup,k_biofouling,k_defouling,k_advective_transport,k_settling,k_rising,k_mixing,k_sea_spray_aerosol,k_sediment_resuspension,k_burial,k_runoff_transport,k_tillage,k_percolation,k_soil_air_resuspension,k_sequestration_deep_soils,k_wind_trasport,k_dry_depossition,k_wet_depossition
Ocean_Surface_Water,freeMP,mp1,1.6045073624072808e-09,"[0.0, 0.0, 0.0, 0.0, 0.0]",3.773473961400761e-08,0.0,1.1574074074074074e-06,0.0,8.546511627906976e-09,0.0,0.0,0.138,2.36e-25,0.0,0.0,0,0.0,0.0,0.0,0.0,0.0,0,0.0
Ocean_Surface_Water,freeMP,mp2,1.6045073624072808e-09,"[1.5854895991882293e-09, 0.0, 0.0, 0.0, 0.0]",9.356038913593727e-08,0.0,1.1574074074074074e-06,0.0,8.546511627906976e-09,0.0,0.0,0.138,2.36e-25,0.0,0.0,0,0.0,0.0,0.0,0.0,0.0,0,0.0
Ocean_Surface_Water,freeMP,mp3,1.6045073624072808e-09,"[1.5696347031963472e-08, 1.5854895991882296e-10, 0.0, 0.0, 0.0]",4.663764718642052e-06,0.0,1.1574074074074074e-06,0.0,8.546511627906976e-09,0.0,0.0,0.138,2.36e-25,0.0,0.0,0,0.0,0.0,0.0,0.0,0.0,0,0.0
Ocean_Surface_Water,freeMP,mp4,1.6045073624072808e-09,"[1.5839041095890412e-07, 0.0, 1.5854895991882296e-10, 0.0, 0.0]",0.017373268954518156,0.0,1.1574074074074074e-06,0.0,8.546511627906976e-09,0.0,0.0,0.138,2.36e-25,0.0,0.0,0,0.0,0.0,0.0,0.0,0.0,0,0.0
Ocean_Surface_Water,freeMP,mp5,1.6045073624072808e-09,"[1.5853310502283108e-06, 0.0, 0.0, 1.5854895991882296e-10, 0.0]",163.46548887191494,0.0,1.1574074074074074e-06,0.0,8.546511627906976e-09,0.0,0.0,0.138,2.36e-25,0.0,0.0,0,0.0,0.0,0.0,0.0,0.0,0,0.0
Ocean_Surface_Water,heterMP,mp1,1.6045073624072808e-10,"[0.0, 0.0, 0.0, 0.0, 0.0]",0.0,1.298450024964564e-17,1.1574074074074074e-06,0.0,8.546511627906976e-09,0.0003057135438595072,0.0,0.138,2.36e-25,0.0,0.0,0,0.0,0.0,0.0,0.0,0.0,0,0.0
Ocean_Surface_Water,heterMP,mp2,1.6045073624072808e-10,"[2.5931208065295157e-11, 0.0, 0.0, 0.0, 0.0]",0.0,2.6822586153980634e-17,1.1574074074074074e-06,0.0,8.546511627906976e-09,0.00027817426046282536,0.0,0.138,2.36e-25,0.0,0.0,0,0.0,0.0,0.0,0.0,0.0,0,0.0
Ocean_Surface_Water,heterMP,mp3,1.6045073624072808e-10,"[1.571398559384979e-10, 1.5872712721060394e-12, 0.0, 0.0, 0.0]",0.0,4.401378330077372e-15,1.1574074074074074e-06,0.0,8.546511627906976e-09,0.0,0.0,0.138,2.36e-25,0.0,0.0,0,0.0,0.0,0.0,0.0,0.0,0,0.0
Ocean_Surface_Water,heterMP,mp4,1.6045073624072808e-10,"[1.5839058914791603e-09, 0.0, 1.5854913828620225e-12, 0.0, 0.0]",0.0,1.737118926257629e-11,1.1574074074074074e-06,0.0,8.546511627906976e-09,0.0,0.0,0.138,2.36e-25,0.0,0.0,0,0.0,0.0,0.0,0.0,0.0,0,0.0
Ocean_Surface_Water,heterMP,mp5,1.6045073624072808e-10,"[1.5853310520118086e-08, 0.0, 0.0, 1.5854896009719056e-12, 0.0]",0.0,1.6346546861207005e-07,1.1574074074074074e-06,0.0,8.546511627906976e-09,0.0,0.0,0.138,2.36e-25,0.0,0.0,0,0.0,0.0,0.0,0.0,0.0,0,0.0
Ocean_Surface_Water,biofMP,mp1,3.2090147248145615e-10,"[0.0, 0.0, 0.0, 0.0, 0.0]",1.4025155484423012e-07,0.0,0.0,0.0,8.546511627906976e-09,0.00022262072786816494,0.0,0.138,2.36e-25,0.0,0.0,0,0.0,0.0,0.0,0.0,0.0,0,0.0
Ocean_Surface_Water,biofMP,mp2,3.2090147248145615e-10,"[2.3782343987823448e-09, 0.0, 0.0, 0.0, 0.0]",3.2153366055755757e-07,0.0,0.0,0.0,8.546511627906976e-09,0.00043633304315171393,0.0,0.138,2.36e-25,0.0,0.0,0,0.0,0.0,0.0,0.0,0.0,0,0.0
Ocean_Surface_Water,biofMP,mp3,3.2090147248145615e-10,"[9.417808219178084e-09, 9.512937595129377e-11, 0.0, 0.0, 0.0]",4.205131315977745e-05,0.0,0.0,0.0,8.546511627906976e-09,0.0027581926805953848,0.0,0.138,2.36e-25,0.0,0.0,0,0.0,0.0,0.0,0.0,0.0,0,0.0
Ocean_Surface_Water,biofMP,mp4,3.2090147248145615e-10,"[8.077910958904112e-08, 0.0, 8.085996955859971e-11, 0.0, 0.0]",0.006619100804091459,0.0,0.0,0.0,8.546511627906976e-09,0.0,0.0,0.138,2.36e-25,0.0,0.0,0,0.0,0.0,0.0,0.0,0.0,0,0.0
Ocean_Surface_Water,biofMP,mp5,3.2090147248145615e-10,"[7.942508561643837e-07, 0.0, 0.0, 7.943302891933031e-11, 0.0]",300.4716242733478,0.0,0.0,0.0,8.546511627906976e-09,0.0,0.0,0.138,2.36e-25,0.0,0.0,0,0.0,0.0,0.0,0.0,0.0,0,0.0
Ocean_Surface_Water,heterBiofMP,mp1,8.022536812036404e-11,"[0.0, 0.0, 0.0, 0.0, 0.0]",0.0,1.731909238061159e-16,0.0,0.0,8.546511627906976e-09,0.00039761738445712565,0.0,0.138,2.36e-25,0.0,0.0,0,0.0,0.0,0.0,0.0,0.0,0,0.0
Ocean_Surface_Water,heterBiofMP,mp2,8.022536812036404e-11,"[2.4734634501663643e-11, 0.0, 0.0, 0.0, 0.0]",0.0,5.883433610749536e-16,0.0,0.0,8.546511627906976e-09,0.0005665215244727535,0.0,0.138,2.36e-25,0.0,0.0,0,0.0,0.0,0.0,0.0,0.0,0,0.0
Ocean_Surface_Water,heterBiofMP,mp3,8.022536812036404e-11,"[9.42393561727571e-11, 9.51912688613708e-13, 0.0, 0.0, 0.0]",0.0,4.269167204210395e-14,0.0,0.0,8.546511627906976e-09,0.00279459273902052,0.0,0.138,2.36e-25,0.0,0.0,0,0.0,0.0,0.0,0.0,0.0,0,0.0
Ocean_Surface_Water,heterBiofMP,mp4,8.022536812036404e-11,"[8.077919522390438e-10, 0.0, 8.086005527918357e-13, 0.0, 0.0]",0.0,6.6148287772519e-12,0.0,0.0,8.546511627906976e-09,0.0,0.0,0.138,2.36e-25,0.0,0.0,0,0.0,0.0,0.0,0.0,0.0,0,0.0
Ocean_Surface_Water,heterBiofMP,mp5,8.022536812036404e-11,"[7.94250857052576e-09, 0.0, 0.0, 7.943302900815843e-13, 0.0]",0.0,3.004715836404362e-07,0.0,0.0,8.546511627906976e-09,0.0,0.0,0.138,2.36e-25,0.0,0.0,0,0.0,0.0,0.0,0.0,0.0,0,0.0
Ocean_Mixed_Water,freeMP,mp1,1.6045073624072808e-09,"[0.0, 0.0, 0.0, 0.0, 0.0]",3.773473961400761e-08,0.0,3.858024691358025e-07,0.0,4.273255813953488e-09,0.0,3.65603236378534e-11,"[0.000138, 3.167e-10]",0.0,0.0,0.0,0,0.0,0.0,0.0,0.0,0.0,0,0.0
Ocean_Mixed_Water,freeMP,mp2,1.6045073624072808e-09,"[1.5854895991882296e-10, 0.0, 0.0, 0.0, 0.0]",9.356038913593727e-08,0.0,3.858024691358025e-07,0.0,4.273255813953488e-09,0.0,3.65603236378534e-09,"[0.000138, 3.167e-10]",0.0,0.0,0.0,0,0.0,0.0,0.0,0.0,0.0,0,0.0
Ocean_Mixed_Water,freeMP,mp3,1.6045073624072808e-09,"[1.569634703196347e-09, 1.5854895991882293e-11, 0.0, 0.0, 0.0]",4.663764718642052e-06,0.0,3.858024691358025e-07,0.0,4.273255813953488e-09,0.0,3.6560323637853397e-07,"[0.000138, 3.167e-10]",0.0,0.0,0.0,0,0.0,0.0,0.0,0.0,0.0,0,0.0
Ocean_Mixed_Water,freeMP,mp4,1.6045073624072808e-09,"[1.583904109589041e-08, 0.0, 1.5854895991882293e-11, 0.0, 0.0]",0.017373268954518156,0.0,3.858024691358025e-07,0.0,4.273255813953488e-09,0.0,3.6560323637853396e-05,"[0.000138, 3.167e-10]",0.0,0.0,0.0,0,0.0,0.0,0.0,0.0,0.0,0,0.0
Ocean_Mixed_Water,freeMP,mp5,1.6045073624072808e-09,"[1.5853310502283102e-07, 0.0, 0.0, 1.5854895991882293e-11, 0.0]",163.46548887191494,0.0,3.858024691358025e-07,0.0,4.273255813953488e-09,0.0,0.00365603236378534,"[0.000138, 3.167e-10]",0.0,0.0,0.0,0,0.0,0.0,0.0,0.0,0.0,0,0.0
Ocean_Mixed_Water,heterMP,mp1,1.6045073624072808e-10,"[0.0, 0.0, 0.0, 0.0, 0.0]",0.0,1.298450024964564e-17,3.858024691358025e-07,0.0,4.273255813953488e-09,3.0571354385950724e-07,0.0,"[0.000138, 3.167e-10]",0.0,0.0,0.0,0,0.0,0.0,0.0,0.0,0.0,0,0.0
Ocean_Mixed_Water,heterMP,mp2,1.6045073624072808e-10,"[2.593120806529515e-12, 0.0, 0.0, 0.0, 0.0]",0.0,2.6822586153980634e-17,3.858024691358025e-07,0.0,4.273255813953488e-09,2.7817426046282537e-07,0.0,"[0.000138, 3.167e-10]",0.0,0.0,0.0,0,0.0,0.0,0.0,0.0,0.0,0,0.0
Ocean_Mixed_Water,heterMP,mp3,1.6045073624072808e-10,"[1.571398559384979e-11, 1.5872712721060394e-13, 0.0, 0.0, 0.0]",0.0,4.401378330077372e-15,3.858024691358025e-07,0.0,4.273255813953488e-09,0.0,3.1938240880632125e-07,"[0.000138, 3.167e-10]",0.0,0.0,0.0,0,0.0,0.0,0.0,0.0,0.0,0,0.0
Ocean_Mixed_Water,heterMP,mp4,1.6045073624072808e-10,"[1.5839058914791603e-10, 0.0, 1.5854913828620223e-13, 0.0, 0.0]",0.0,1.737118926257629e-11,3.858024691358025e-07,0.0,4.273255813953488e-09,0.0,3.655569632015878e-05,"[0.000138, 3.167e-10]",0.0,0.0,0.0,0,0.0,0.0,0.0,0.0,0.0,0,0.0
Ocean_Mixed_Water,heterMP,mp5,1.6045073624072808e-10,"[1.5853310520118086e-09, 0.0, 0.0, 1.585489600971906e-13, 0.0]",0.0,1.6346546861207005e-07,3.858024691358025e-07,0.0,4.273255813953488e-09,0.0,0.003656031901053047,"[0.000138, 3.167e-10]",0.0,0.0,0.0,0,0.0,0.0,0.0,0.0,0.0,0,0.0
Ocean_Mixed_Water,biofMP,mp1,3.2090147248145615e-10,"[0.0, 0.0, 0.0, 0.0, 0.0]",1.4025155484423012e-07,0.0,0.0,0.0,4.273255813953488e-09,2.2262072786816494e-07,0.0,"[0.000138, 3.167e-10]",0.0,0.0,0.0,0,0.0,0.0,0.0,0.0,0.0,0,0.0
Ocean_Mixed_Water,biofMP,mp2,3.2090147248145615e-10,"[2.378234398782344e-10, 0.0, 0.0, 0.0, 0.0]",3.2153366055755757e-07,0.0,0.0,0.0,4.273255813953488e-09,4.36333043151714e-07,0.0,"[0.000138, 3.167e-10]",0.0,0.0,0.0,0,0.0,0.0,0.0,0.0,0.0,0,0.0
Ocean_Mixed_Water,biofMP,mp3,3.2090147248145615e-10,"[9.417808219178083e-10, 9.512937595129375e-12, 0.0, 0.0, 0.0]",4.205131315977745e-05,0.0,0.0,0.0,4.273255813953488e-09,2.758192680595385e-06,0.0,"[0.000138, 3.167e-10]",0.0,0.0,0.0,0,0.0,0.0,0.0,0.0,0.0,0,0.0
Ocean_Mixed_Water,biofMP,mp4,3.2090147248145615e-10,"[8.07791095890411e-09, 0.0, 8.08599695585997e-12, 0.0, 0.0]",0.006619100804091459,0.0,0.0,0.0,4.273255813953488e-09,0.0,5.547452607015644e-06,"[0.000138, 3.167e-10]",0.0,0.0,0.0,0,0.0,0.0,0.0,0.0,0.0,0,0.0
Ocean_Mixed_Water,biofMP,mp5,3.2090147248145615e-10,"[7.942508561643837e-08, 0.0, 0.0, 7.94330289193303e-12, 0.0]",300.4716242733478,0.0,0.0,0.0,4.273255813953488e-09,0.0,0.0033458140689514265,"[0.000138, 3.167e-10]",0.0,0.0,0.0,0,0.0,0.0,0.0,0.0,0.0,0,0.0
Ocean_Mixed_Water,heterBiofMP,mp1,8.022536812036404e-11,"[0.0, 0.0, 0.0, 0.0, 0.0]",0.0,1.731909238061159e-16,0.0,0.0,4.273255813953488e-09,3.9761738445712565e-07,0.0,"[0.000138, 3.167e-10]",0.0,0.0,0.0,0,0.0,0.0,0.0,0.0,0.0,0,0.0
Ocean_Mixed_Water,heterBiofMP,mp2,8.022536812036404e-11,"[2.4734634501663645e-12, 0.0, 0.0, 0.0, 0.0]",0.0,5.883433610749536e-16,0.0,0.0,4.273255813953488e-09,5.665215244727535e-07,0.0,"[0.000138, 3.167e-10]",0.0,0.0,0.0,0,0.0,0.0,0.0,0.0,0.0,0,0.0
Ocean_Mixed_Water,heterBiofMP,mp3,8.022536812036404e-11,"[9.42393561727571e-12, 9.51912688613708e-14, 0.0, 0.0, 0.0]",0.0,4.269167204210395e-14,0.0,0.0,4.273255813953488e-09,2.79459273902052e-06,0.0,"[0.000138, 3.167e-10]",0.0,0.0,0.0,0,0.0,0.0,0.0,0.0,0.0,0,0.0
Ocean_Mixed_Water,heterBiofMP,mp4,8.022536812036404e-11,"[8.077919522390437e-11, 0.0, 8.086005527918356e-14, 0.0, 0.0]",0.0,6.6148287772519e-12,0.0,0.0,4.273255813953488e-09,0.0,5.542950463632149e-06,"[0.000138, 3.167e-10]",0.0,0.0,0.0,0,0.0,0.0,0.0,0.0,0.0,0,0.0
Ocean_Mixed_Water,heterBiofMP,mp5,8.022536812036404e-11,"[7.942508570525761e-10, 0.0, 0.0, 7.943302900815842e-14, 0.0]",0.0,3.004715836404362e-07,0.0,0.0,4.273255813953488e-09,0.0,0.003345813607506033,"[0.000138, 3.167e-10]",0.0,0.0,0.0,0,0.0,0.0,0.0,0.0,0.0,0,0.0
Ocean_Column_Water,freeMP,mp1,1.6045073624072808e-09,"[0.0, 0.0, 0.0, 0.0, 0.0]",3.773473961400761e-08,0.0,3.858024691358025e-08,0.0,0.0,0.0,1.2186774545951133e-12,1.057716504854369e-11,0.0,0.0,0.0,0,0.0,0.0,0.0,0.0,0.0,0,0.0
Ocean_Column_Water,freeMP,mp2,1.6045073624072808e-09,"[1.5854895991882296e-10, 0.0, 0.0, 0.0, 0.0]",9.356038913593727e-08,0.0,3.858024691358025e-08,0.0,0.0,0.0,1.2186774545951134e-10,1.057716504854369e-11,0.0,0.0,0.0,0,0.0,0.0,0.0,0.0,0.0,0,0.0
Ocean_Column_Water,freeMP,mp3,1.6045073624072808e-09,"[1.569634703196347e-09, 1.5854895991882293e-11, 0.0, 0.0, 0.0]",4.663764718642052e-06,0.0,3.858024691358025e-08,0.0,0.0,0.0,1.2186774545951132e-08,1.057716504854369e-11,0.0,0.0,0.0,0,0.0,0.0,0.0,0.0,0.0,0,0.0
Ocean_Column_Water,freeMP,mp4,1.6045073624072808e-09,"[1.583904109589041e-08, 0.0, 1.5854895991882293e-11, 0.0, 0.0]",0.017373268954518156,0.0,3.858024691358025e-08,0.0,0.0,0.0,1.218677454595113e-06,1.057716504854369e-11,0.0,0.0,0.0,0,0.0,0.0,0.0,0.0,0.0,0,0.0
Ocean_Column_Water,freeMP,mp5,1.6045073624072808e-09,"[1.5853310502283102e-07, 0.0, 0.0, 1.5854895991882293e-11, 0.0]",163.46548887191494,0.0,3.858024691358025e-08,0.0,0.0,0.0,0.00012186774545951133,1.057716504854369e-11,0.0,0.0,0.0,0,0.0,0.0,0.0,0.0,0.0,0,0.0
Ocean_Column_Water,heterMP,mp1,1.6045073624072808e-10,"[0.0, 0.0, 0.0, 0.0, 0.0]",0.0,1.298450024964564e-17,3.858024691358025e-08,0.0,0.0,1.0190451461983574e-08,0.0,1.057716504854369e-11,0.0,0.0,0.0,0,0.0,0.0,0.0,0.0,0.0,0,0.0
Ocean_Column_Water,heterMP,mp2,1.6045073624072808e-10,"[2.593120806529515e-12, 0.0, 0.0, 0.0, 0.0]",0.0,2.6822586153980634e-17,3.858024691358025e-08,0.0,0.0,9.272475348760846e-09,0.0,1.057716504854369e-11,0.0,0.0,0.0,0,0.0,0.0,0.0,0.0,0.0,0,0.0
Ocean_Column_Water,heterMP,mp3,1.6045073624072808e-10,"[1.571398559384979e-11, 1.5872712721060394e-13, 0.0, 0.0, 0.0]",0.0,4.401378330077372e-15,3.858024691358025e-08,0.0,0.0,0.0,1.0646080293544041e-08,1.057716504854369e-11,0.0,0.0,0.0,0,0.0,0.0,0.0,0.0,0.0,0,0.0
Ocean_Column_Water,heterMP,mp4,1.6045073624072808e-10,"[1.5839058914791603e-10, 0.0, 1.5854913828620223e-13, 0.0, 0.0]",0.0,1.737118926257629e-11,3.858024691358025e-08,0.0,0.0,0.0,1.2185232106719593e-06,1.057716504854369e-11,0.0,0.0,0.0,0,0.0,0.0,0.0,0.0,0.0,0,0.0
Ocean_Column_Water,heterMP,mp5,1.6045073624072808e-10,"[1.5853310520118086e-09, 0.0, 0.0, 1.585489600971906e-13, 0.0]",0.0,1.6346546861207005e-07,3.858024691358025e-08,0.0,0.0,0.0,0.00012186773003510156,1.057716504854369e-11,0.0,0.0,0.0,0,0.0,0.0,0.0,0.0,0.0,0,0.0
Ocean_Column_Water,biofMP,mp1,3.2090147248145615e-10,"[0.0, 0.0, 0.0, 0.0, 0.0]",1.4025155484423012e-07,0.0,0.0,0.0,0.0,7.420690928938832e-09,0.0,1.057716504854369e-11,0.0,0.0,0.0,0,0.0,0.0,0.0,0.0,0.0,0,0.0
Ocean_Column_Water,biofMP,mp2,3.2090147248145615e-10,"[2.378234398782344e-10, 0.0, 0.0, 0.0, 0.0]",3.2153366055755757e-07,0.0,0.0,0.0,0.0,1.45444347717238e-08,0.0,1.057716504854369e-11,0.0,0.0,0.0,0,0.0,0.0,0.0,0.0,0.0,0,0.0
Ocean_Column_Water,biofMP,mp3,3.2090147248145615e-10,"[9.417808219178083e-10, 9.512937595129375e-12, 0.0, 0.0, 0.0]",4.205131315977745e-05,0.0,0.0,0.0,0.0,9.193975601984617e-08,0.0,1.057716504854369e-11,0.0,0.0,0.0,0,0.0,0.0,0.0,0.0,0.0,0,0.0
Ocean_Column_Water,biofMP,mp4,3.2090147248145615e-10,"[8.07791095890411e-09, 0.0, 8.08599695585997e-12, 0.0, 0.0]",0.006619100804091459,0.0,0.0,0.0,0.0,0.0,1.8491508690052147e-07,1.057716504854369e-11,0.0,0.0,0.0,0,0.0,0.0,0.0,0.0,0.0,0,0.0
Ocean_Column_Water,biofMP,mp5,3.2090147248145615e-10,"[7.942508561643837e-08, 0.0, 0.0, 7.94330289193303e-12, 0.0]",300.4716242733478,0.0,0.0,0.0,0.0,0.0,0.00011152713563171421,1.057716504854369e-11,0.0,0.0,0.0,0,0.0,0.0,0.0,0.0,0.0,0,0.0
Ocean_Column_Water,heterBiofMP,mp1,8.022536812036404e-11,"[0.0, 0.0, 0.0, 0.0, 0.0]",0.0,1.731909238061159e-16,0.0,0.0,0.0,1.3253912815237522e-08,0.0,1.057716504854369e-11,0.0,0.0,0.0,0,0.0,0.0,0.0,0.0,0.0,0,0.0
Ocean_Column_Water,heterBiofMP,mp2,8.022536812036404e-11,"[2.4734634501663645e-12, 0.0, 0.0, 0.0, 0.0]",0.0,5.883433610749536e-16,0.0,0.0,0.0,1.888405081575845e-08,0.0,1.057716504854369e-11,0.0,0.0,0.0,0,0.0,0.0,0.0,0.0,0.0,0,0.0
Ocean_Column_Water,heterBiofMP,mp3,8.022536812036404e-11,"[9.42393561727571e-12, 9.51912688613708e-14, 0.0, 0.0, 0.0]",0.0,4.269167204210395e-14,0.0,0.0,0.0,9.3153091300684e-08,0.0,1.057716504854369e-11,0.0,0.0,0.0,0,0.0,0.0,0.0,0.0,0.0,0,0.0
Ocean_Column_Water,heterBiofMP,mp4,8.022536812036404e-11,"[8.077919522390437e-11, 0.0, 8.086005527918356e-14, 0.0, 0.0]",0.0,6.6148287772519e-12,0.0,0.0,0.0,0.0,1.8476501545440496e-07,1.057716504854369e-11,0.0,0.0,0.0,0,0.0,0.0,0.0,0.0,0.0,0,0.0
Ocean_Column_Water,heterBiofMP,mp5,8.022536812036404e-11,"[7.942508570525761e-10, 0.0, 0.0, 7.943302900815842e-14, 0.0]",0.0,3.004715836404362e-07,0.0,0.0,0.0,0.0,0.0001115271202502011,1.057716504854369e-11,0.0,0.0,0.0,0,0.0,0.0,0.0,0.0,0.0,0,0.0
Coast_Surface_Water,freeMP,mp1,1.6045073624072808e-09,"[0.0, 0.0, 0.0, 0.0, 0.0]",3.858309247202086e-07,0.0,1.1574074074074074e-06,0.0,3.3295583238958095e-07,0.0,0.0,0.138,2.36e-25,0.0,0.0,0,0.0,0.0,0.0,0.0,0.0,0,0.0
Coast_Surface_Water,freeMP,mp2,1.6045073624072808e-09,"[1.5854895991882293e-09, 0.0, 0.0, 0.0, 0.0]",1.1191246413029224e-06,0.0,1.1574074074074074e-06,0.0,3.3295583238958095e-07,0.0,0.0,0.138,2.36e-25,0.0,0.0,0,0.0,0.0,0.0,0.0,0.0,0,0.0
Coast_Surface_Water,freeMP,mp3,1.6045073624072808e-09,"[1.5696347031963472e-08, 1.5854895991882296e-10, 0.0, 0.0, 0.0]",7.782991085780649e-05,0.0,1.1574074074074074e-06,0.0,3.3295583238958095e-07,0.0,0.0,0.138,2.36e-25,0.0,0.0,0,0.0,0.0,0.0,0.0,0.0,0,0.0
Coast_Surface_Water,freeMP,mp4,1.6045073624072808e-09,"[1.5839041095890412e-07, 0.0, 1.5854895991882296e-10, 0.0, 0.0]",0.15267886070452985,0.0,1.1574074074074074e-06,0.0,3.3295583238958095e-07,0.0,0.0,0.138,2.36e-25,0.0,0.0,0,0.0,0.0,0.0,0.0,0.0,0,0.0
Coast_Surface_Water,freeMP,mp5,1.6045073624072808e-09,"[1.5853310502283108e-06, 0.0, 0.0, 1.5854895991882296e-10, 0.0]",1174.101235601585,0.0,1.1574074074074074e-06,0.0,3.3295583238958095e-07,0.0,0.0,0.138,2.36e-25,0.0,0.0,0,0.0,0.0,0.0,0.0,0.0,0,0.0
Coast_Surface_Water,heterMP,mp1,1.6045073624072808e-10,"[0.0, 0.0, 0.0, 0.0, 0.0]",0.0,8.93151244753955e-16,1.1574074074074074e-06,0.0,3.3295583238958095e-07,0.0003057135438595072,0.0,0.138,2.36e-25,0.0,0.0,0,0.0,0.0,0.0,0.0,0.0,0,0.0
Coast_Surface_Water,heterMP,mp2,1.6045073624072808e-10,"[2.5931208065295157e-11, 0.0, 0.0, 0.0, 0.0]",0.0,1.1036012415408946e-15,1.1574074074074074e-06,0.0,3.3295583238958095e-07,0.00027817426046282536,0.0,0.138,2.36e-25,0.0,0.0,0,0.0,0.0,0.0,0.0,0.0,0,0.0
Coast_Surface_Water,heterMP,mp3,1.6045073624072808e-10,"[1.571398559384979e-10, 1.5872712721060394e-12, 0.0, 0.0, 0.0]",0.0,7.612579062945901e-14,1.1574074074074074e-06,0.0,3.3295583238958095e-07,0.0,0.0,0.138,2.36e-25,0.0,0.0,0,0.0,0.0,0.0,0.0,0.0,0,0.0
Coast_Surface_Water,heterMP,mp4,1.6045073624072808e-10,"[1.5839058914791603e-09, 0.0, 1.5854913828620225e-12, 0.0, 0.0]",0.0,1.526644061591379e-10,1.1574074074074074e-06,0.0,3.3295583238958095e-07,0.0,0.0,0.138,2.36e-25,0.0,0.0,0,0.0,0.0,0.0,0.0,0.0,0,0.0
Coast_Surface_Water,heterMP,mp5,1.6045073624072808e-10,"[1.5853310520118086e-08, 0.0, 0.0, 1.5854896009719056e-12, 0.0]",0.0,1.1741010938832391e-06,1.1574074074074074e-06,0.0,3.3295583238958095e-07,0.0,0.0,0.138,2.36e-25,0.0,0.0,0,0.0,0.0,0.0,0.0,0.0,0,0.0
Coast_Surface_Water,biofMP,mp1,3.2090147248145615e-10,"[0.0, 0.0, 0.0, 0.0, 0.0]",3.7539598798705858e-06,0.0,0.0,0.0,3.3295583238958095e-07,0.00022262072786816494,0.0,0.138,2.36e-25,0.0,0.0,0,0.0,0.0,0.0,0.0,0.0,0,0.0
Coast_Surface_Water,biofMP,mp2,3.2090147248145615e-10,"[2.3782343987823448e-09, 0.0, 0.0, 0.0, 0.0]",7.665186787889183e-06,0.0,0.0,0.0,3.3295583238958095e-07,0.00043633304315171393,0.0,0.138,2.36e-25,0.0,0.0,0,0.0,0.0,0.0,0.0,0.0,0,0.0
Coast_Surface_Water,biofMP,mp3,3.2090147248145615e-10,"[9.417808219178084e-09, 9.512937595129377e-11, 0.0, 0.0, 0.0]",0.00044054937354607167,0.0,0.0,0.0,3.3295583238958095e-07,0.0027581926805953848,0.0,0.138,2.36e-25,0.0,0.0,0,0.0,0.0,0.0,0.0,0.0,0,0.0
Coast_Surface_Water,biofMP,mp4,3.2090147248145615e-10,"[8.077910958904112e-08, 0.0, 8.085996955859971e-11, 0.0, 0.0]",0.1122113329408613,0.0,0.0,0.0,3.3295583238958095e-07,0.0,0.0,0.138,2.36e-25,0.0,0.0,0,0.0,0.0,0.0,0.0,0.0,0,0.0
Coast_Surface_Water,biofMP,mp5,3.2090147248145615e-10,"[7.942508561643837e-07, 0.0, 0.0, 7.943302891933031e-11, 0.0]",2163.3452888646884,0.0,0.0,0.0,3.3295583238958095e-07,0.0,0.0,0.138,2.36e-25,0.0,0.0,0,0.0,0.0,0.0,0.0,0.0,0,0.0
Coast_Surface_Water,heterBiofMP,mp1,8.022536812036404e-11,"[0.0, 0.0, 0.0, 0.0, 0.0]",0.0,4.548401631622796e-15,0.0,0.0,3.3295583238958095e-07,0.00039761738445712565,0.0,0.138,2.36e-25,0.0,0.0,0,0.0,0.0,0.0,0.0,0.0,0,0.0
Coast_Surface_Water,heterBiofMP,mp2,8.022536812036404e-11,"[2.4734634501663643e-11, 0.0, 0.0, 0.0, 0.0]",0.0,9.97814268504272e-15,0.0,0.0,3.3295583238958095e-07,0.0005665215244727535,0.0,0.138,2.36e-25,0.0,0.0,0,0.0,0.0,0.0,0.0,0.0,0,0.0
Coast_Surface_Water,heterBiofMP,mp3,8.022536812036404e-11,"[9.42393561727571e-11, 9.51912688613708e-13, 0.0, 0.0, 0.0]",0.0,4.4528566977748155e-13,0.0,0.0,3.3295583238958095e-07,0.00279459273902052,0.0,0.138,2.36e-25,0.0,0.0,0,0.0,0.0,0.0,0.0,0.0,0,0.0
Coast_Surface_Water,heterBiofMP,mp4,8.022536812036404e-11,"[8.077919522390438e-10, 0.0, 8.086005527918357e-13, 0.0, 0.0]",0.0,1.1218163522967289e-10,0.0,0.0,3.3295583238958095e-07,0.0,0.0,0.138,2.36e-25,0.0,0.0,0,0.0,0.0,0.0,0.0,0.0,0,0.0
Coast_Surface_Water,heterBiofMP,mp5,8.022536812036404e-11,"[7.94250857052576e-09, 0.0, 0.0, 7.943302900815843e-13, 0.0]",0.0,2.1633450046354436e-06,0.0,0.0,3.3295583238958095e-07,0.0,0.0,0.138,2.36e-25,0.0,0.0,0,0.0,0.0,0.0,0.0,0.0,0,0.0
Coast_Column_Water,freeMP,mp1,1.6045073624072808e-09,"[0.0, 0.0, 0.0, 0.0, 0.0]",2.641431772980533e-07,0.0,3.858024691358025e-07,0.0,3.3257918552036197e-07,0.0,7.31206472757068e-11,0.00027568778280542984,0.0,0.0,0.0,0,0.0,0.0,0.0,0.0,0.0,0,0.0
Coast_Column_Water,freeMP,mp2,1.6045073624072808e-09,"[1.5854895991882296e-10, 0.0, 0.0, 0.0, 0.0]",6.549227239515609e-07,0.0,3.858024691358025e-07,0.0,3.3257918552036197e-07,0.0,7.31206472757068e-09,0.00027568778280542984,0.0,0.0,0.0,0,0.0,0.0,0.0,0.0,0.0,0,0.0
Coast_Column_Water,freeMP,mp3,1.6045073624072808e-09,"[1.569634703196347e-09, 1.5854895991882293e-11, 0.0, 0.0, 0.0]",3.264635303049436e-05,0.0,3.858024691358025e-07,0.0,3.3257918552036197e-07,0.0,7.312064727570679e-07,0.00027568778280542984,0.0,0.0,0.0,0,0.0,0.0,0.0,0.0,0.0,0,0.0
Coast_Column_Water,freeMP,mp4,1.6045073624072808e-09,"[1.583904109589041e-08, 0.0, 1.5854895991882293e-11, 0.0, 0.0]",0.12161288268162711,0.0,3.858024691358025e-07,0.0,3.3257918552036197e-07,0.0,7.312064727570679e-05,0.00027568778280542984,0.0,0.0,0.0,0,0.0,0.0,0.0,0.0,0.0,0,0.0
Coast_Column_Water,freeMP,mp5,1.6045073624072808e-09,"[1.5853310502283102e-07, 0.0, 0.0, 1.5854895991882293e-11, 0.0]",1144.2584221034047,0.0,3.858024691358025e-07,0.0,3.3257918552036197e-07,0.0,0.00731206472757068,0.00027568778280542984,0.0,0.0,0.0,0,0.0,0.0,0.0,0.0,0.0,0,0.0
Coast_Column_Water,heterMP,mp1,1.6045073624072808e-10,"[0.0, 0.0, 0.0, 0.0, 0.0]",0.0,9.08915017475195e-17,3.858024691358025e-07,0.0,3.3257918552036197e-07,6.114270877190145e-07,0.0,0.00027568778280542984,0.0,0.0,0.0,0,0.0,0.0,0.0,0.0,0.0,0,0.0
Coast_Column_Water,heterMP,mp2,1.6045073624072808e-10,"[2.593120806529515e-12, 0.0, 0.0, 0.0, 0.0]",0.0,1.8775810307786444e-16,3.858024691358025e-07,0.0,3.3257918552036197e-07,5.563485209256507e-07,0.0,0.00027568778280542984,0.0,0.0,0.0,0,0.0,0.0,0.0,0.0,0.0,0,0.0
Coast_Column_Water,heterMP,mp3,1.6045073624072808e-10,"[1.571398559384979e-11, 1.5872712721060394e-13, 0.0, 0.0, 0.0]",0.0,3.0809648310541605e-14,3.858024691358025e-07,0.0,3.3257918552036197e-07,0.0,6.387648176126425e-07,0.00027568778280542984,0.0,0.0,0.0,0,0.0,0.0,0.0,0.0,0.0,0,0.0
Coast_Column_Water,heterMP,mp4,1.6045073624072808e-10,"[1.5839058914791603e-10, 0.0, 1.5854913828620223e-13, 0.0, 0.0]",0.0,1.2159832483803404e-10,3.858024691358025e-07,0.0,3.3257918552036197e-07,0.0,7.311139264031756e-05,0.00027568778280542984,0.0,0.0,0.0,0,0.0,0.0,0.0,0.0,0.0,0,0.0
Coast_Column_Water,heterMP,mp5,1.6045073624072808e-10,"[1.5853310520118086e-09, 0.0, 0.0, 1.585489600971906e-13, 0.0]",0.0,1.1442582802844903e-06,3.858024691358025e-07,0.0,3.3257918552036197e-07,0.0,0.007312063802106094,0.00027568778280542984,0.0,0.0,0.0,0,0.0,0.0,0.0,0.0,0.0,0,0.0
Coast_Column_Water,biofMP,mp1,3.2090147248145615e-10,"[0.0, 0.0, 0.0, 0.0, 0.0]",9.817608839096108e-07,0.0,0.0,0.0,3.3257918552036197e-07,4.452414557363299e-07,0.0,0.00027568778280542984,0.0,0.0,0.0,0,0.0,0.0,0.0,0.0,0.0,0,0.0
Coast_Column_Water,biofMP,mp2,3.2090147248145615e-10,"[2.378234398782344e-10, 0.0, 0.0, 0.0, 0.0]",2.250735623902903e-06,0.0,0.0,0.0,3.3257918552036197e-07,8.72666086303428e-07,0.0,0.00027568778280542984,0.0,0.0,0.0,0,0.0,0.0,0.0,0.0,0.0,0,0.0
Coast_Column_Water,biofMP,mp3,3.2090147248145615e-10,"[9.417808219178083e-10, 9.512937595129375e-12, 0.0, 0.0, 0.0]",0.0002943591921184422,0.0,0.0,0.0,3.3257918552036197e-07,5.51638536119077e-06,0.0,0.00027568778280542984,0.0,0.0,0.0,0,0.0,0.0,0.0,0.0,0.0,0,0.0
Coast_Column_Water,biofMP,mp4,3.2090147248145615e-10,"[8.07791095890411e-09, 0.0, 8.08599695585997e-12, 0.0, 0.0]",0.04633370562864022,0.0,0.0,0.0,3.3257918552036197e-07,0.0,1.1094905214031288e-05,0.00027568778280542984,0.0,0.0,0.0,0,0.0,0.0,0.0,0.0,0.0,0,0.0
Coast_Column_Water,biofMP,mp5,3.2090147248145615e-10,"[7.942508561643837e-08, 0.0, 0.0, 7.94330289193303e-12, 0.0]",2103.3013699134344,0.0,0.0,0.0,3.3257918552036197e-07,0.0,0.006691628137902853,0.00027568778280542984,0.0,0.0,0.0,0,0.0,0.0,0.0,0.0,0.0,0,0.0
Coast_Column_Water,heterBiofMP,mp1,8.022536812036404e-11,"[0.0, 0.0, 0.0, 0.0, 0.0]",0.0,1.2123364666428115e-15,0.0,0.0,3.3257918552036197e-07,7.952347689142513e-07,0.0,0.00027568778280542984,0.0,0.0,0.0,0,0.0,0.0,0.0,0.0,0.0,0,0.0
Coast_Column_Water,heterBiofMP,mp2,8.022536812036404e-11,"[2.4734634501663645e-12, 0.0, 0.0, 0.0, 0.0]",0.0,4.118403527524675e-15,0.0,0.0,3.3257918552036197e-07,1.133043048945507e-06,0.0,0.00027568778280542984,0.0,0.0,0.0,0,0.0,0.0,0.0,0.0,0.0,0,0.0
Coast_Column_Water,heterBiofMP,mp3,8.022536812036404e-11,"[9.42393561727571e-12, 9.51912688613708e-14, 0.0, 0.0, 0.0]",0.0,2.988417042947277e-13,0.0,0.0,3.3257918552036197e-07,5.58918547804104e-06,0.0,0.00027568778280542984,0.0,0.0,0.0,0,0.0,0.0,0.0,0.0,0.0,0,0.0
Coast_Column_Water,heterBiofMP,mp4,8.022536812036404e-11,"[8.077919522390437e-11, 0.0, 8.086005527918356e-14, 0.0, 0.0]",0.0,4.630380144076331e-11,0.0,0.0,3.3257918552036197e-07,0.0,1.1085900927264298e-05,0.00027568778280542984,0.0,0.0,0.0,0,0.0,0.0,0.0,0.0,0.0,0,0.0
Coast_Column_Water,heterBiofMP,mp5,8.022536812036404e-11,"[7.942508570525761e-10, 0.0, 0.0, 7.943302900815842e-14, 0.0]",0.0,2.103301085483054e-06,0.0,0.0,3.3257918552036197e-07,0.0,0.006691627215012066,0.00027568778280542984,0.0,0.0,0.0,0,0.0,0.0,0.0,0.0,0.0,0,0.0
Surface_Freshwater,freeMP,mp1,1.6045073624072808e-09,"[0.0, 0.0, 0.0, 0.0, 0.0]",1.6836484996348609e-06,0.0,1.1574074074074074e-06,0.0,1.4033149171270719e-06,2.790864399836132e-09,0.0,0.067,0.0,0.0,0.0,0,0.0,0.0,0.0,0.0,0.0,0,0.0
Surface_Freshwater,freeMP,mp2,1.6045073624072808e-09,"[1.5854895991882293e-09, 0.0, 0.0, 0.0, 0.0]",4.837239283599403e-06,0.0,1.1574074074074074e-06,0.0,1.4033149171270719e-06,2.7908643998361324e-07,0.0,0.067,0.0,0.0,0.0,0,0.0,0.0,0.0,0.0,0.0,0,0.0
Surface_Freshwater,freeMP,mp3,1.6045073624072808e-09,"[1.5696347031963472e-08, 1.5854895991882296e-10, 0.0, 0.0, 0.0]",0.00026572875763144013,0.0,1.1574074074074074e-06,0.0,1.4033149171270719e-06,2.7908643998361323e-05,0.0,0.067,0.0,0.0,0.0,0,0.0,0.0,0.0,0.0,0.0,0,0.0
Surface_Freshwater,freeMP,mp4,1.6045073624072808e-09,"[1.5839041095890412e-07, 0.0, 1.5854895991882296e-10, 0.0, 0.0]",0.18194814146263413,0.0,1.1574074074074074e-06,0.0,1.4033149171270719e-06,0.0027908643998361318,0.0,0.067,0.0,0.0,0.0,0,0.0,0.0,0.0,0.0,0.0,0,0.0
Surface_Freshwater,freeMP,mp5,1.6045073624072808e-09,"[1.5853310502283108e-06, 0.0, 0.0, 1.5854895991882296e-10, 0.0]",514.9203469618951,0.0,1.1574074074074074e-06,0.0,1.4033149171270719e-06,0.2790864399836132,0.0,0.067,0.0,0.0,0.0,0,0.0,0.0,0.0,0.0,0.0,0,0.0
Surface_Freshwater,heterMP,mp1,1.6045073624072808e-10,"[0.0, 0.0, 0.0, 0.0, 0.0]",0.0,3.827770060608943e-15,1.1574074074074074e-06,0.0,1.4033149171270719e-06,0.00031456931002332174,0.0,0.067,0.0,0.0,0.0,0,0.0,0.0,0.0,0.0,0.0,0,0.0
Surface_Freshwater,heterMP,mp2,1.6045073624072808e-10,"[2.5931208065295157e-11, 0.0, 0.0, 0.0, 0.0]",0.0,4.70779780082718e-15,1.1574074074074074e-06,0.0,1.4033149171270719e-06,0.00028870058009924796,0.0,0.067,0.0,0.0,0.0,0,0.0,0.0,0.0,0.0,0.0,0,0.0
Surface_Freshwater,heterMP,mp3,1.6045073624072808e-10,"[1.571398559384979e-10, 1.5872712721060394e-12, 0.0, 0.0, 0.0]",0.0,2.5813641926475055e-13,1.1574074074074074e-06,0.0,1.4033149171270719e-06,7.501437600853913e-05,0.0,0.067,0.0,0.0,0.0,0,0.0,0.0,0.0,0.0,0.0,0,0.0
Surface_Freshwater,heterMP,mp4,1.6045073624072808e-10,"[1.5839058914791603e-09, 0.0, 1.5854913828620225e-12, 0.0, 0.0]",0.0,1.8201348749970307e-10,1.1574074074074074e-06,0.0,1.4033149171270719e-06,0.0027955802576540684,0.0,0.067,0.0,0.0,0.0,0,0.0,0.0,0.0,0.0,0.0,0,0.0
Surface_Freshwater,heterMP,mp5,1.6045073624072808e-10,"[1.5853310520118086e-08, 0.0, 0.0, 1.5854896009719056e-12, 0.0]",0.0,5.149209789478775e-07,1.1574074074074074e-06,0.0,1.4033149171270719e-06,0.27908691156992727,0.0,0.067,0.0,0.0,0.0,0,0.0,0.0,0.0,0.0,0.0,0,0.0
Surface_Freshwater,biofMP,mp1,3.2090147248145615e-10,"[0.0, 0.0, 0.0, 0.0, 0.0]",1.579464444050582e-05,0.0,0.0,0.0,1.4033149171270719e-06,0.00023997460179278596,0.0,0.067,0.0,0.0,0.0,0,0.0,0.0,0.0,0.0,0.0,0,0.0
Surface_Freshwater,biofMP,mp2,3.2090147248145615e-10,"[2.3782343987823448e-09, 0.0, 0.0, 0.0, 0.0]",3.428515132349886e-05,0.0,0.0,0.0,1.4033149171270719e-06,0.0004717491123856346,0.0,0.067,0.0,0.0,0.0,0,0.0,0.0,0.0,0.0,0.0,0,0.0
Surface_Freshwater,biofMP,mp3,3.2090147248145615e-10,"[9.417808219178084e-09, 9.512937595129377e-11, 0.0, 0.0, 0.0]",0.0021591610457199237,0.0,0.0,0.0,1.4033149171270719e-06,0.0033248497883381144,0.0,0.067,0.0,0.0,0.0,0,0.0,0.0,0.0,0.0,0.0,0,0.0
Surface_Freshwater,biofMP,mp4,3.2090147248145615e-10,"[8.077910958904112e-08, 0.0, 8.085996955859971e-11, 0.0, 0.0]",1.315767757492239,0.0,0.0,0.0,1.4033149171270719e-06,0.03539352342739655,0.0,0.067,0.0,0.0,0.0,0,0.0,0.0,0.0,0.0,0.0,0,0.0
Surface_Freshwater,biofMP,mp5,3.2090147248145615e-10,"[7.942508561643837e-07, 0.0, 0.0, 7.943302891933031e-11, 0.0]",1909.8887137298964,0.0,0.0,0.0,1.4033149171270719e-06,0.6050609505078169,0.0,0.067,0.0,0.0,0.0,0,0.0,0.0,0.0,0.0,0.0,0,0.0
Surface_Freshwater,heterBiofMP,mp1,8.022536812036404e-11,"[0.0, 0.0, 0.0, 0.0, 0.0]",0.0,1.9981682344270546e-14,0.0,0.0,1.4033149171270719e-06,0.0004189657317874312,0.0,0.067,0.0,0.0,0.0,0,0.0,0.0,0.0,0.0,0.0,0,0.0
Surface_Freshwater,heterBiofMP,mp2,8.022536812036404e-11,"[2.4734634501663643e-11, 0.0, 0.0, 0.0, 0.0]",0.0,4.4440096538888485e-14,0.0,0.0,1.4033149171270719e-06,0.000604830632448703,0.0,0.067,0.0,0.0,0.0,0,0.0,0.0,0.0,0.0,0.0,0,0.0
Surface_Freshwater,heterBiofMP,mp3,8.022536812036404e-11,"[9.42393561727571e-11, 9.51912688613708e-13, 0.0, 0.0, 0.0]",0.0,2.1801319948181944e-12,0.0,0.0,1.4033149171270719e-06,0.0033619874415666178,0.0,0.067,0.0,0.0,0.0,0,0.0,0.0,0.0,0.0,0.0,0,0.0
Surface_Freshwater,heterBiofMP,mp4,8.022536812036404e-11,"[8.077919522390438e-10, 0.0, 8.086005527918357e-13, 0.0, 0.0]",0.0,1.315901922671017e-09,0.0,0.0,1.4033149171270719e-06,0.035398112374825326,0.0,0.067,0.0,0.0,0.0,0,0.0,0.0,0.0,0.0,0.0,0,0.0
Surface_Freshwater,heterBiofMP,mp5,8.022536812036404e-11,"[7.94250857052576e-09, 0.0, 0.0, 7.943302900815843e-13, 0.0]",0.0,1.909889981192944e-06,0.0,0.0,1.4033149171270719e-06,0.6050614207895574,0.0,0.067,0.0,0.0,0.0,0,0.0,0.0,0.0,0.0,0.0,0,0.0
Bulk_Freshwater,freeMP,mp1,1.6045073624072808e-09,"[0.0, 0.0, 0.0, 0.0, 0.0]",1.6836484996348609e-06,0.0,3.858024691358025e-07,0.0,4.6691176470588234e-09,9.302881332787107e-12,0.0,0.00022292279411764707,0.0,0.0,0.0,0,0.0,0.0,0.0,0.0,0.0,0,0.0
Bulk_Freshwater,freeMP,mp2,1.6045073624072808e-09,"[1.5854895991882296e-10, 0.0, 0.0, 0.0, 0.0]",4.837239283599403e-06,0.0,3.858024691358025e-07,0.0,4.6691176470588234e-09,9.302881332787108e-10,0.0,0.00022292279411764707,0.0,0.0,0.0,0,0.0,0.0,0.0,0.0,0.0,0,0.0
Bulk_Freshwater,freeMP,mp3,1.6045073624072808e-09,"[1.569634703196347e-09, 1.5854895991882293e-11, 0.0, 0.0, 0.0]",0.00026572875763144013,0.0,3.858024691358025e-07,0.0,4.6691176470588234e-09,9.302881332787108e-08,0.0,0.00022292279411764707,0.0,0.0,0.0,0,0.0,0.0,0.0,0.0,0.0,0,0.0
Bulk_Freshwater,freeMP,mp4,1.6045073624072808e-09,"[1.583904109589041e-08, 0.0, 1.5854895991882293e-11, 0.0, 0.0]",0.18194814146263413,0.0,3.858024691358025e-07,0.0,4.6691176470588234e-09,9.302881332787107e-06,0.0,0.00022292279411764707,0.0,0.0,0.0,0,0.0,0.0,0.0,0.0,0.0,0,0.0
Bulk_Freshwater,freeMP,mp5,1.6045073624072808e-09,"[1.5853310502283102e-07, 0.0, 0.0, 1.5854895991882293e-11, 0.0]",514.9203469618951,0.0,3.858024691358025e-07,0.0,4.6691176470588234e-09,0.0009302881332787108,0.0,0.00022292279411764707,0.0,0.0,0.0,0,0.0,0.0,0.0,0.0,0.0,0,0.0
Bulk_Freshwater,heterMP,mp1,1.6045073624072808e-10,"[0.0, 0.0, 0.0, 0.0, 0.0]",0.0,3.827770060608943e-15,3.858024691358025e-07,0.0,4.6691176470588234e-09,1.048564366744406e-06,0.0,0.00022292279411764707,0.0,0.0,0.0,0,0.0,0.0,0.0,0.0,0.0,0,0.0
Bulk_Freshwater,heterMP,mp2,1.6045073624072808e-10,"[2.593120806529515e-12, 0.0, 0.0, 0.0, 0.0]",0.0,4.70779780082718e-15,3.858024691358025e-07,0.0,4.6691176470588234e-09,9.623352669974932e-07,0.0,0.00022292279411764707,0.0,0.0,0.0,0,0.0,0.0,0.0,0.0,0.0,0,0.0
Bulk_Freshwater,heterMP,mp3,1.6045073624072808e-10,"[1.571398559384979e-11, 1.5872712721060394e-13, 0.0, 0.0, 0.0]",0.0,2.5813641926475055e-13,3.858024691358025e-07,0.0,4.6691176470588234e-09,2.500479200284638e-07,0.0,0.00022292279411764707,0.0,0.0,0.0,0,0.0,0.0,0.0,0.0,0.0,0,0.0
Bulk_Freshwater,heterMP,mp4,1.6045073624072808e-10,"[1.5839058914791603e-10, 0.0, 1.5854913828620223e-13, 0.0, 0.0]",0.0,1.8201348749970307e-10,3.858024691358025e-07,0.0,4.6691176470588234e-09,9.318600858846894e-06,0.0,0.00022292279411764707,0.0,0.0,0.0,0,0.0,0.0,0.0,0.0,0.0,0,0.0
Bulk_Freshwater,heterMP,mp5,1.6045073624072808e-10,"[1.5853310520118086e-09, 0.0, 0.0, 1.585489600971906e-13, 0.0]",0.0,5.149209789478775e-07,3.858024691358025e-07,0.0,4.6691176470588234e-09,0.000930289705233091,0.0,0.00022292279411764707,0.0,0.0,0.0,0,0.0,0.0,0.0,0.0,0.0,0,0.0
Bulk_Freshwater,biofMP,mp1,3.2090147248145615e-10,"[0.0, 0.0, 0.0, 0.0, 0.0]",1.579464444050582e-05,0.0,0.0,0.0,4.6691176470588234e-09,7.999153393092866e-07,0.0,0.00022292279411764707,0.0,0.0,0.0,0,0.0,0.0,0.0,0.0,0.0,0,0.0
Bulk_Freshwater,biofMP,mp2,3.2090147248145615e-10,"[2.378234398782344e-10, 0.0, 0.0, 0.0, 0.0]",3.428515132349886e-05,0.0,0.0,0.0,4.6691176470588234e-09,1.5724970412854486e-06,0.0,0.00022292279411764707,0.0,0.0,0.0,0,0.0,0.0,0.0,0.0,0.0,0,0.0
Bulk_Freshwater,biofMP,mp3,3.2090147248145615e-10,"[9.417808219178083e-10, 9.512937595129375e-12, 0.0, 0.0, 0.0]",0.0021591610457199237,0.0,0.0,0.0,4.6691176470588234e-09,1.1082832627793715e-05,0.0,0.00022292279411764707,0.0,0.0,0.0,0,0.0,0.0,0.0,0.0,0.0,0,0.0
Bulk_Freshwater,biofMP,mp4,3.2090147248145615e-10,"[8.07791095890411e-09, 0.0, 8.08599695585997e-12, 0.0, 0.0]",1.315767757492239,0.0,0.0,0.0,4.6691176470588234e-09,0.00011797841142465517,0.0,0.00022292279411764707,0.0,0.0,0.0,0,0.0,0.0,0.0,0.0,0.0,0,0.0
Bulk_Freshwater,biofMP,mp5,3.2090147248145615e-10,"[7.942508561643837e-08, 0.0, 0.0, 7.94330289193303e-12, 0.0]",1909.8887137298964,0.0,0.0,0.0,4.6691176470588234e-09,0.0020168698350260567,0.0,0.00022292279411764707,0.0,0.0,0.0,0,0.0,0.0,0.0,0.0,0.0,0,0.0
Bulk_Freshwater,heterBiofMP,mp1,8.022536812036404e-11,"[0.0, 0.0, 0.0, 0.0, 0.0]",0.0,1.9981682344270546e-14,0.0,0.0,4.6691176470588234e-09,1.3965524392914374e-06,0.0,0.00022292279411764707,0.0,0.0,0.0,0,0.0,0.0,0.0,0.0,0.0,0,0.0
Bulk_Freshwater,heterBiofMP,mp2,8.022536812036404e-11,"[2.4734634501663645e-12, 0.0, 0.0, 0.0, 0.0]",0.0,4.4440096538888485e-14,0.0,0.0,4.6691176470588234e-09,2.0161021081623433e-06,0.0,0.00022292279411764707,0.0,0.0,0.0,0,0.0,0.0,0.0,0.0,0.0,0,0.0
Bulk_Freshwater,heterBiofMP,mp3,8.022536812036404e-11,"[9.42393561727571e-12, 9.51912688613708e-14, 0.0, 0.0, 0.0]",0.0,2.1801319948181944e-12,0.0,0.0,4.6691176470588234e-09,1.120662480522206e-05,0.0,0.00022292279411764707,0.0,0.0,0.0,0,0.0,0.0,0.0,0.0,0.0,0,0.0
Bulk_Freshwater,heterBiofMP,mp4,8.022536812036404e-11,"[8.077919522390437e-11, 0.0, 8.086005527918356e-14, 0.0, 0.0]",0.0,1.315901922671017e-09,0.0,0.0,4.6691176470588234e-09,0.00011799370791608444,0.0,0.00022292279411764707,0.0,0.0,0.0,0,0.0,0.0,0.0,0.0,0.0,0,0.0
Bulk_Freshwater,heterBiofMP,mp5,8.022536812036404e-11,"[7.942508570525761e-10, 0.0, 0.0, 7.943302900815842e-14, 0.0]",0.0,1.909889981192944e-06,0.0,0.0,4.6691176470588234e-09,0.002016871402631858,0.0,0.00022292279411764707,0.0,0.0,0.0,0,0.0,0.0,0.0,0.0,0.0,0,0.0
Sediment_Freshwater,freeMP,mp1,1.6045073624072808e-09,"[0.0, 0.0, 0.0, 0.0, 0.0]",0.0,0.0,0.0,0.0,0.0,0.0,0.0,0,0.0,1e-09,2.7e-10,0,0.0,0.0,0.0,0.0,0.0,0,0.0
Sediment_Freshwater,freeMP,mp2,1.6045073624072808e-09,"[1.5854895991882293e-11, 0.0, 0.0, 0.0, 0.0]",0.0,0.0,0.0,0.0,0.0,0.0,0.0,0,0.0,1e-09,2.7e-10,0,0.0,0.0,0.0,0.0,0.0,0,0.0
Sediment_Freshwater,freeMP,mp3,1.6045073624072808e-09,"[1.5696347031963473e-10, 1.5854895991882296e-12, 0.0, 0.0, 0.0]",0.0,0.0,0.0,0.0,0.0,0.0,0.0,0,0.0,1e-09,2.7e-10,0,0.0,0.0,0.0,0.0,0.0,0,0.0
Sediment_Freshwater,freeMP,mp4,1.6045073624072808e-09,"[1.5839041095890411e-09, 0.0, 1.5854895991882294e-12, 0.0, 0.0]",0.0,0.0,0.0,0.0,0.0,0.0,0.0,0,0.0,1e-09,2.7e-10,0,0.0,0.0,0.0,0.0,0.0,0,0.0
Sediment_Freshwater,freeMP,mp5,1.6045073624072808e-09,"[1.5853310502283106e-08, 0.0, 0.0, 1.5854895991882294e-12, 0.0]",0.0,0.0,0.0,0.0,0.0,0.0,0.0,0,0.0,1e-09,2.7e-10,0,0.0,0.0,0.0,0.0,0.0,0,0.0
Sediment_Freshwater,heterMP,mp1,1.6045073624072808e-10,"[0.0, 0.0, 0.0, 0.0, 0.0]",0.0,0.0,0.0,0.0,0.0,0.0,0.0,0,0.0,1e-09,2.7e-10,0,0.0,0.0,0.0,0.0,0.0,0,0.0
Sediment_Freshwater,heterMP,mp2,1.6045073624072808e-10,"[2.593120806529515e-13, 0.0, 0.0, 0.0, 0.0]",0.0,0.0,0.0,0.0,0.0,0.0,0.0,0,0.0,1e-09,2.7e-10,0,0.0,0.0,0.0,0.0,0.0,0,0.0
Sediment_Freshwater,heterMP,mp3,1.6045073624072808e-10,"[1.5713985593849791e-12, 1.5872712721060393e-14, 0.0, 0.0, 0.0]",0.0,0.0,0.0,0.0,0.0,0.0,0.0,0,0.0,1e-09,2.7e-10,0,0.0,0.0,0.0,0.0,0.0,0,0.0
Sediment_Freshwater,heterMP,mp4,1.6045073624072808e-10,"[1.5839058914791605e-11, 0.0, 1.5854913828620226e-14, 0.0, 0.0]",0.0,0.0,0.0,0.0,0.0,0.0,0.0,0,0.0,1e-09,2.7e-10,0,0.0,0.0,0.0,0.0,0.0,0,0.0
Sediment_Freshwater,heterMP,mp5,1.6045073624072808e-10,"[1.5853310520118084e-10, 0.0, 0.0, 1.5854896009719056e-14, 0.0]",0.0,0.0,0.0,0.0,0.0,0.0,0.0,0,0.0,1e-09,2.7e-10,0,0.0,0.0,0.0,0.0,0.0,0,0.0
Sediment_Freshwater,biofMP,mp1,3.2090147248145615e-10,"[0.0, 0.0, 0.0, 0.0, 0.0]",0.0,0.0,0.0,0.0,0.0,0.0,0.0,0,0.0,1e-09,2.7e-10,0,0.0,0.0,0.0,0.0,0.0,0,0.0
Sediment_Freshwater,biofMP,mp2,3.2090147248145615e-10,"[2.3782343987823443e-11, 0.0, 0.0, 0.0, 0.0]",0.0,0.0,0.0,0.0,0.0,0.0,0.0,0,0.0,1e-09,2.7e-10,0,0.0,0.0,0.0,0.0,0.0,0,0.0
Sediment_Freshwater,biofMP,mp3,3.2090147248145615e-10,"[9.417808219178081e-11, 9.512937595129375e-13, 0.0, 0.0, 0.0]",0.0,0.0,0.0,0.0,0.0,0.0,0.0,0,0.0,1e-09,2.7e-10,0,0.0,0.0,0.0,0.0,0.0,0,0.0
Sediment_Freshwater,biofMP,mp4,3.2090147248145615e-10,"[8.07791095890411e-10, 0.0, 8.085996955859971e-13, 0.0, 0.0]",0.0,0.0,0.0,0.0,0.0,0.0,0.0,0,0.0,1e-09,2.7e-10,0,0.0,0.0,0.0,0.0,0.0,0,0.0
Sediment_Freshwater,biofMP,mp5,3.2090147248145615e-10,"[7.942508561643834e-09, 0.0, 0.0, 7.943302891933028e-13, 0.0]",0.0,0.0,0.0,0.0,0.0,0.0,0.0,0,0.0,1e-09,2.7e-10,0,0.0,0.0,0.0,0.0,0.0,0,0.0
Sediment_Freshwater,heterBiofMP,mp1,8.022536812036404e-11,"[0.0, 0.0, 0.0, 0.0, 0.0]",0.0,0.0,0.0,0.0,0.0,0.0,0.0,0,0.0,1e-09,2.7e-10,0,0.0,0.0,0.0,0.0,0.0,0,0.0
Sediment_Freshwater,heterBiofMP,mp2,8.022536812036404e-11,"[2.4734634501663643e-13, 0.0, 0.0, 0.0, 0.0]",0.0,0.0,0.0,0.0,0.0,0.0,0.0,0,0.0,1e-09,2.7e-10,0,0.0,0.0,0.0,0.0,0.0,0,0.0
Sediment_Freshwater,heterBiofMP,mp3,8.022536812036404e-11,"[9.42393561727571e-13, 9.519126886137082e-15, 0.0, 0.0, 0.0]",0.0,0.0,0.0,0.0,0.0,0.0,0.0,0,0.0,1e-09,2.7e-10,0,0.0,0.0,0.0,0.0,0.0,0,0.0
Sediment_Freshwater,heterBiofMP,mp4,8.022536812036404e-11,"[8.077919522390436e-12, 0.0, 8.086005527918355e-15, 0.0, 0.0]",0.0,0.0,0.0,0.0,0.0,0.0,0.0,0,0.0,1e-09,2.7e-10,0,0.0,0.0,0.0,0.0,0.0,0,0.0
Sediment_Freshwater,heterBiofMP,mp5,8.022536812036404e-11,"[7.942508570525762e-11, 0.0, 0.0, 7.943302900815844e-15, 0.0]",0.0,0.0,0.0,0.0,0.0,0.0,0.0,0,0.0,1e-09,2.7e-10,0,0.0,0.0,0.0,0.0,0.0,0,0.0
Sediment_Ocean,freeMP,mp1,1.6045073624072808e-09,"[0.0, 0.0, 0.0, 0.0, 0.0]",0.0,0.0,0.0,0.0,0.0,0.0,0.0,0,0.0,1e-11,2.7e-12,0,0.0,0.0,0.0,0.0,0.0,0,0.0
Sediment_Ocean,freeMP,mp2,1.6045073624072808e-09,"[1.5854895991882293e-11, 0.0, 0.0, 0.0, 0.0]",0.0,0.0,0.0,0.0,0.0,0.0,0.0,0,0.0,1e-11,2.7e-12,0,0.0,0.0,0.0,0.0,0.0,0,0.0
Sediment_Ocean,freeMP,mp3,1.6045073624072808e-09,"[1.5696347031963473e-10, 1.5854895991882296e-12, 0.0, 0.0, 0.0]",0.0,0.0,0.0,0.0,0.0,0.0,0.0,0,0.0,1e-11,2.7e-12,0,0.0,0.0,0.0,0.0,0.0,0,0.0
Sediment_Ocean,freeMP,mp4,1.6045073624072808e-09,"[1.5839041095890411e-09, 0.0, 1.5854895991882294e-12, 0.0, 0.0]",0.0,0.0,0.0,0.0,0.0,0.0,0.0,0,0.0,1e-11,2.7e-12,0,0.0,0.0,0.0,0.0,0.0,0,0.0
Sediment_Ocean,freeMP,mp5,1.6045073624072808e-09,"[1.5853310502283106e-08, 0.0, 0.0, 1.5854895991882294e-12, 0.0]",0.0,0.0,0.0,0.0,0.0,0.0,0.0,0,0.0,1e-11,2.7e-12,0,0.0,0.0,0.0,0.0,0.0,0,0.0
Sediment_Ocean,heterMP,mp1,1.6045073624072808e-10,"[0.0, 0.0, 0.0, 0.0, 0.0]",0.0,0.0,0.0,0.0,0.0,0.0,0.0,0,0.0,1e-11,2.7e-12,0,0.0,0.0,0.0,0.0,0.0,0,0.0
Sediment_Ocean,heterMP,mp2,1.6045073624072808e-10,"[2.593120806529515e-13, 0.0, 0.0, 0.0, 0.0]",0.0,0.0,0.0,0.0,0.0,0.0,0.0,0,0.0,1e-11,2.7e-12,0,0.0,0.0,0.0,0.0,0.0,0,0.0
Sediment_Ocean,heterMP,mp3,1.6045073624072808e-10,"[1.5713985593849791e-12, 1.5872712721060393e-14, 0.0, 0.0, 0.0]",0.0,0.0,0.0,0.0,0.0,0.0,0.0,0,0.0,1e-11,2.7e-12,0,0.0,0.0,0.0,0.0,0.0,0,0.0
Sediment_Ocean,heterMP,mp4,1.6045073624072808e-10,"[1.5839058914791605e-11, 0.0, 1.5854913828620226e-14, 0.0, 0.0]",0.0,0.0,0.0,0.0,0.0,0.0,0.0,0,0.0,1e-11,2.7e-12,0,0.0,0.0,0.0,0.0,0.0,0,0.0
Sediment_Ocean,heterMP,mp5,1.6045073624072808e-10,"[1.5853310520118084e-10, 0.0, 0.0, 1.5854896009719056e-14, 0.0]",0.0,0.0,0.0,0.0,0.0,0.0,0.0,0,0.0,1e-11,2.7e-12,0,0.0,0.0,0.0,0.0,0.0,0,0.0
Sediment_Ocean,biofMP,mp1,3.2090147248145615e-10,"[0.0, 0.0, 0.0, 0.0, 0.0]",0.0,0.0,0.0,0.0,0.0,0.0,0.0,0,0.0,1e-11,2.7e-12,0,0.0,0.0,0.0,0.0,0.0,0,0.0
Sediment_Ocean,biofMP,mp2,3.2090147248145615e-10,"[2.3782343987823443e-11, 0.0, 0.0, 0.0, 0.0]",0.0,0.0,0.0,0.0,0.0,0.0,0.0,0,0.0,1e-11,2.7e-12,0,0.0,0.0,0.0,0.0,0.0,0,0.0
Sediment_Ocean,biofMP,mp3,3.2090147248145615e-10,"[9.417808219178081e-11, 9.512937595129375e-13, 0.0, 0.0, 0.0]",0.0,0.0,0.0,0.0,0.0,0.0,0.0,0,0.0,1e-11,2.7e-12,0,0.0,0.0,0.0,0.0,0.0,0,0.0
Sediment_Ocean,biofMP,mp4,3.2090147248145615e-10,"[8.07791095890411e-10, 0.0, 8.085996955859971e-13, 0.0, 0.0]",0.0,0.0,0.0,0.0,0.0,0.0,0.0,0,0.0,1e-11,2.7e-12,0,0.0,0.0,0.0,0.0,0.0,0,0.0
Sediment_Ocean,biofMP,mp5,3.2090147248145615e-10,"[7.942508561643834e-09, 0.0, 0.0, 7.943302891933028e-13, 0.0]",0.0,0.0,0.0,0.0,0.0,0.0,0.0,0,0.0,1e-11,2.7e-12,0,0.0,0.0,0.0,0.0,0.0,0,0.0
Sediment_Ocean,heterBiofMP,mp1,8.022536812036404e-11,"[0.0, 0.0, 0.0, 0.0, 0.0]",0.0,0.0,0.0,0.0,0.0,0.0,0.0,0,0.0,1e-11,2.7e-12,0,0.0,0.0,0.0,0.0,0.0,0,0.0
Sediment_Ocean,heterBiofMP,mp2,8.022536812036404e-11,"[2.4734634501663643e-13, 0.0, 0.0, 0.0, 0.0]",0.0,0.0,0.0,0.0,0.0,0.0,0.0,0,0.0,1e-11,2.7e-12,0,0.0,0.0,0.0,0.0,0.0,0,0.0
Sediment_Ocean,heterBiofMP,mp3,8.022536812036404e-11,"[9.42393561727571e-13, 9.519126886137082e-15, 0.0, 0.0, 0.0]",0.0,0.0,0.0,0.0,0.0,0.0,0.0,0,0.0,1e-11,2.7e-12,0,0.0,0.0,0.0,0.0,0.0,0,0.0
Sediment_Ocean,heterBiofMP,mp4,8.022536812036404e-11,"[8.077919522390436e-12, 0.0, 8.086005527918355e-15, 0.0, 0.0]",0.0,0.0,0.0,0.0,0.0,0.0,0.0,0,0.0,1e-11,2.7e-12,0,0.0,0.0,0.0,0.0,0.0,0,0.0
Sediment_Ocean,heterBiofMP,mp5,8.022536812036404e-11,"[7.942508570525762e-11, 0.0, 0.0, 7.943302900815844e-15, 0.0]",0.0,0.0,0.0,0.0,0.0,0.0,0.0,0,0.0,1e-11,2.7e-12,0,0.0,0.0,0.0,0.0,0.0,0,0.0
Sediment_Coast,freeMP,mp1,1.6045073624072808e-09,"[0.0, 0.0, 0.0, 0.0, 0.0]",0.0,0.0,0.0,0.0,0.0,0.0,0.0,0,0.0,1e-10,2.7e-11,0,0.0,0.0,0.0,0.0,0.0,0,0.0
Sediment_Coast,freeMP,mp2,1.6045073624072808e-09,"[1.5854895991882293e-11, 0.0, 0.0, 0.0, 0.0]",0.0,0.0,0.0,0.0,0.0,0.0,0.0,0,0.0,1e-10,2.7e-11,0,0.0,0.0,0.0,0.0,0.0,0,0.0
Sediment_Coast,freeMP,mp3,1.6045073624072808e-09,"[1.5696347031963473e-10, 1.5854895991882296e-12, 0.0, 0.0, 0.0]",0.0,0.0,0.0,0.0,0.0,0.0,0.0,0,0.0,1e-10,2.7e-11,0,0.0,0.0,0.0,0.0,0.0,0,0.0
Sediment_Coast,freeMP,mp4,1.6045073624072808e-09,"[1.5839041095890411e-09, 0.0, 1.5854895991882294e-12, 0.0, 0.0]",0.0,0.0,0.0,0.0,0.0,0.0,0.0,0,0.0,1e-10,2.7e-11,0,0.0,0.0,0.0,0.0,0.0,0,0.0
Sediment_Coast,freeMP,mp5,1.6045073624072808e-09,"[1.5853310502283106e-08, 0.0, 0.0, 1.5854895991882294e-12, 0.0]",0.0,0.0,0.0,0.0,0.0,0.0,0.0,0,0.0,1e-10,2.7e-11,0,0.0,0.0,0.0,0.0,0.0,0,0.0
Sediment_Coast,heterMP,mp1,1.6045073624072808e-10,"[0.0, 0.0, 0.0, 0.0, 0.0]",0.0,0.0,0.0,0.0,0.0,0.0,0.0,0,0.0,1e-10,2.7e-11,0,0.0,0.0,0.0,0.0,0.0,0,0.0
Sediment_Coast,heterMP,mp2,1.6045073624072808e-10,"[2.593120806529515e-13, 0.0, 0.0, 0.0, 0.0]",0.0,0.0,0.0,0.0,0.0,0.0,0.0,0,0.0,1e-10,2.7e-11,0,0.0,0.0,0.0,0.0,0.0,0,0.0
Sediment_Coast,heterMP,mp3,1.6045073624072808e-10,"[1.5713985593849791e-12, 1.5872712721060393e-14, 0.0, 0.0, 0.0]",0.0,0.0,0.0,0.0,0.0,0.0,0.0,0,0.0,1e-10,2.7e-11,0,0.0,0.0,0.0,0.0,0.0,0,0.0
Sediment_Coast,heterMP,mp4,1.6045073624072808e-10,"[1.5839058914791605e-11, 0.0, 1.5854913828620226e-14, 0.0, 0.0]",0.0,0.0,0.0,0.0,0.0,0.0,0.0,0,0.0,1e-10,2.7e-11,0,0.0,0.0,0.0,0.0,0.0,0,0.0
Sediment_Coast,heterMP,mp5,1.6045073624072808e-10,"[1.5853310520118084e-10, 0.0, 0.0, 1.5854896009719056e-14, 0.0]",0.0,0.0,0.0,0.0,0.0,0.0,0.0,0,0.0,1e-10,2.7e-11,0,0.0,0.0,0.0,0.0,0.0,0,0.0
Sediment_Coast,biofMP,mp1,3.2090147248145615e-10,"[0.0, 0.0, 0.0, 0.0, 0.0]",0.0,0.0,0.0,0.0,0.0,0.0,0.0,0,0.0,1e-10,2.7e-11,0,0.0,0.0,0.0,0.0,0.0,0,0.0
Sediment_Coast,biofMP,mp2,3.2090147248145615e-10,"[2.3782343987823443e-11, 0.0, 0.0, 0.0, 0.0]",0.0,0.0,0.0,0.0,0.0,0.0,0.0,0,0.0,1e-10,2.7e-11,0,0.0,0.0,0.0,0.0,0.0,0,0.0
Sediment_Coast,biofMP,mp3,3.2090147248145615e-10,"[9.417808219178081e-11, 9.512937595129375e-13, 0.0, 0.0, 0.0]",0.0,0.0,0.0,0.0,0.0,0.0,0.0,0,0.0,1e-10,2.7e-11,0,0.0,0.0,0.0,0.0,0.0,0,0.0
Sediment_Coast,biofMP,mp4,3.2090147248145615e-10,"[8.07791095890411e-10, 0.0, 8.085996955859971e-13, 0.0, 0.0]",0.0,0.0,0.0,0.0,0.0,0.0,0.0,0,0.0,1e-10,2.7e-11,0,0.0,0.0,0.0,0.0,0.0,0,0.0
Sediment_Coast,biofMP,mp5,3.2090147248145615e-10,"[7.942508561643834e-09, 0.0, 0.0, 7.943302891933028e-13, 0.0]",0.0,0.0,0.0,0.0,0.0,0.0,0.0,0,0.0,1e-10,2.7e-11,0,0.0,0.0,0.0,0.0,0.0,0,0.0
Sediment_Coast,heterBiofMP,mp1,8.022536812036404e-11,"[0.0, 0.0, 0.0, 0.0, 0.0]",0.0,0.0,0.0,0.0,0.0,0.0,0.0,0,0.0,1e-10,2.7e-11,0,0.0,0.0,0.0,0.0,0.0,0,0.0
Sediment_Coast,heterBiofMP,mp2,8.022536812036404e-11,"[2.4734634501663643e-13, 0.0, 0.0, 0.0, 0.0]",0.0,0.0,0.0,0.0,0.0,0.0,0.0,0,0.0,1e-10,2.7e-11,0,0.0,0.0,0.0,0.0,0.0,0,0.0
Sediment_Coast,heterBiofMP,mp3,8.022536812036404e-11,"[9.42393561727571e-13, 9.519126886137082e-15, 0.0, 0.0, 0.0]",0.0,0.0,0.0,0.0,0.0,0.0,0.0,0,0.0,1e-10,2.7e-11,0,0.0,0.0,0.0,0.0,0.0,0,0.0
Sediment_Coast,heterBiofMP,mp4,8.022536812036404e-11,"[8.077919522390436e-12, 0.0, 8.086005527918355e-15, 0.0, 0.0]",0.0,0.0,0.0,0.0,0.0,0.0,0.0,0,0.0,1e-10,2.7e-11,0,0.0,0.0,0.0,0.0,0.0,0,0.0
Sediment_Coast,heterBiofMP,mp5,8.022536812036404e-11,"[7.942508570525762e-11, 0.0, 0.0, 7.943302900815844e-15, 0.0]",0.0,0.0,0.0,0.0,0.0,0.0,0.0,0,0.0,1e-10,2.7e-11,0,0.0,0.0,0.0,0.0,0.0,0,0.0
Urban_Soil_Surface,freeMP,mp1,1.6045073624072808e-09,"[0.0, 0.0, 0.0, 0.0, 0.0]",0.0,0.0,0.0,0.0,0.0,0.0,0.0,0,0.0,0.0,0.0,"[0.0, 4.69e-09]",0.0,0.0,4.68e-24,0.0,0.0,0,0.0
Urban_Soil_Surface,freeMP,mp2,1.6045073624072808e-09,"[1.5854895991882296e-10, 0.0, 0.0, 0.0, 0.0]",0.0,0.0,0.0,0.0,0.0,0.0,0.0,0,0.0,0.0,0.0,"[0.0, 4.69e-09]",0.0,0.0,4.68e-24,0.0,0.0,0,0.0
Urban_Soil_Surface,freeMP,mp3,1.6045073624072808e-09,"[1.569634703196347e-09, 1.5854895991882293e-11, 0.0, 0.0, 0.0]",0.0,0.0,0.0,0.0,0.0,0.0,0.0,0,0.0,0.0,0.0,"[0.0, 4.69e-09]",0.0,0.0,4.68e-24,0.0,0.0,0,0.0
Urban_Soil_Surface,freeMP,mp4,1.6045073624072808e-09,"[1.583904109589041e-08, 0.0, 1.5854895991882293e-11, 0.0, 0.0]",0.0,0.0,0.0,0.0,0.0,0.0,0.0,0,0.0,0.0,0.0,"[0.0, 4.69e-09]",0.0,0.0,4.68e-24,0.0,0.0,0,0.0
Urban_Soil_Surface,freeMP,mp5,1.6045073624072808e-09,"[1.5853310502283102e-07, 0.0, 0.0, 1.5854895991882293e-11, 0.0]",0.0,0.0,0.0,0.0,0.0,0.0,0.0,0,0.0,0.0,0.0,"[0.0, 4.69e-09]",0.0,0.0,4.68e-24,0.0,0.0,0,0.0
Urban_Soil_Surface,heterMP,mp1,1.6045073624072808e-10,"[0.0, 0.0, 0.0, 0.0, 0.0]",0.0,0.0,0.0,0.0,0.0,0.0,0.0,0,0.0,0.0,0.0,"[0.0, 4.69e-09]",0.0,0.0,4.68e-24,0.0,0.0,0,0.0
Urban_Soil_Surface,heterMP,mp2,1.6045073624072808e-10,"[2.593120806529515e-12, 0.0, 0.0, 0.0, 0.0]",0.0,0.0,0.0,0.0,0.0,0.0,0.0,0,0.0,0.0,0.0,"[0.0, 4.69e-09]",0.0,0.0,4.68e-24,0.0,0.0,0,0.0
Urban_Soil_Surface,heterMP,mp3,1.6045073624072808e-10,"[1.571398559384979e-11, 1.5872712721060394e-13, 0.0, 0.0, 0.0]",0.0,0.0,0.0,0.0,0.0,0.0,0.0,0,0.0,0.0,0.0,"[0.0, 4.69e-09]",0.0,0.0,4.68e-24,0.0,0.0,0,0.0
Urban_Soil_Surface,heterMP,mp4,1.6045073624072808e-10,"[1.5839058914791603e-10, 0.0, 1.5854913828620223e-13, 0.0, 0.0]",0.0,0.0,0.0,0.0,0.0,0.0,0.0,0,0.0,0.0,0.0,"[0.0, 4.69e-09]",0.0,0.0,4.68e-24,0.0,0.0,0,0.0
Urban_Soil_Surface,heterMP,mp5,1.6045073624072808e-10,"[1.5853310520118086e-09, 0.0, 0.0, 1.585489600971906e-13, 0.0]",0.0,0.0,0.0,0.0,0.0,0.0,0.0,0,0.0,0.0,0.0,"[0.0, 4.69e-09]",0.0,0.0,4.68e-24,0.0,0.0,0,0.0
Urban_Soil_Surface,biofMP,mp1,3.2090147248145615e-10,"[0.0, 0.0, 0.0, 0.0, 0.0]",0.0,0.0,0.0,0.0,0.0,0.0,0.0,0,0.0,0.0,0.0,"[0.0, 4.69e-09]",0.0,0.0,4.68e-24,0.0,0.0,0,0.0
Urban_Soil_Surface,biofMP,mp2,3.2090147248145615e-10,"[2.378234398782344e-10, 0.0, 0.0, 0.0, 0.0]",0.0,0.0,0.0,0.0,0.0,0.0,0.0,0,0.0,0.0,0.0,"[0.0, 4.69e-09]",0.0,0.0,4.68e-24,0.0,0.0,0,0.0
Urban_Soil_Surface,biofMP,mp3,3.2090147248145615e-10,"[9.417808219178083e-10, 9.512937595129375e-12, 0.0, 0.0, 0.0]",0.0,0.0,0.0,0.0,0.0,0.0,0.0,0,0.0,0.0,0.0,"[0.0, 4.69e-09]",0.0,0.0,4.68e-24,0.0,0.0,0,0.0
Urban_Soil_Surface,biofMP,mp4,3.2090147248145615e-10,"[8.07791095890411e-09, 0.0, 8.08599695585997e-12, 0.0, 0.0]",0.0,0.0,0.0,0.0,0.0,0.0,0.0,0,0.0,0.0,0.0,"[0.0, 4.69e-09]",0.0,0.0,4.68e-24,0.0,0.0,0,0.0
Urban_Soil_Surface,biofMP,mp5,3.2090147248145615e-10,"[7.942508561643837e-08, 0.0, 0.0, 7.94330289193303e-12, 0.0]",0.0,0.0,0.0,0.0,0.0,0.0,0.0,0,0.0,0.0,0.0,"[0.0, 4.69e-09]",0.0,0.0,4.68e-24,0.0,0.0,0,0.0
Urban_Soil_Surface,heterBiofMP,mp1,8.022536812036404e-11,"[0.0, 0.0, 0.0, 0.0, 0.0]",0.0,0.0,0.0,0.0,0.0,0.0,0.0,0,0.0,0.0,0.0,"[0.0, 4.69e-09]",0.0,0.0,4.68e-24,0.0,0.0,0,0.0
Urban_Soil_Surface,heterBiofMP,mp2,8.022536812036404e-11,"[2.4734634501663645e-12, 0.0, 0.0, 0.0, 0.0]",0.0,0.0,0.0,0.0,0.0,0.0,0.0,0,0.0,0.0,0.0,"[0.0, 4.69e-09]",0.0,0.0,4.68e-24,0.0,0.0,0,0.0
Urban_Soil_Surface,heterBiofMP,mp3,8.022536812036404e-11,"[9.42393561727571e-12, 9.51912688613708e-14, 0.0, 0.0, 0.0]",0.0,0.0,0.0,0.0,0.0,0.0,0.0,0,0.0,0.0,0.0,"[0.0, 4.69e-09]",0.0,0.0,4.68e-24,0.0,0.0,0,0.0
Urban_Soil_Surface,heterBiofMP,mp4,8.022536812036404e-11,"[8.077919522390437e-11, 0.0, 8.086005527918356e-14, 0.0, 0.0]",0.0,0.0,0.0,0.0,0.0,0.0,0.0,0,0.0,0.0,0.0,"[0.0, 4.69e-09]",0.0,0.0,4.68e-24,0.0,0.0,0,0.0
Urban_Soil_Surface,heterBiofMP,mp5,8.022536812036404e-11,"[7.942508570525761e-10, 0.0, 0.0, 7.943302900815842e-14, 0.0]",0.0,0.0,0.0,0.0,0.0,0.0,0.0,0,0.0,0.0,0.0,"[0.0, 4.69e-09]",0.0,0.0,4.68e-24,0.0,0.0,0,0.0
Urban_Soil,freeMP,mp1,1.6045073624072808e-09,"[0.0, 0.0, 0.0, 0.0, 0.0]",0.0,0.0,0.0,0.0,0.0,0.0,0.0,0,0.0,0.0,0.0,0,0.0,0.0,0.0,2.71e-09,0.0,0,0.0
Urban_Soil,freeMP,mp2,1.6045073624072808e-09,"[1.5854895991882293e-11, 0.0, 0.0, 0.0, 0.0]",0.0,0.0,0.0,0.0,0.0,0.0,0.0,0,0.0,0.0,0.0,0,0.0,0.0,0.0,2.71e-09,0.0,0,0.0
Urban_Soil,freeMP,mp3,1.6045073624072808e-09,"[1.5696347031963473e-10, 1.5854895991882296e-12, 0.0, 0.0, 0.0]",0.0,0.0,0.0,0.0,0.0,0.0,0.0,0,0.0,0.0,0.0,0,0.0,0.0,0.0,2.71e-09,0.0,0,0.0
Urban_Soil,freeMP,mp4,1.6045073624072808e-09,"[1.5839041095890411e-09, 0.0, 1.5854895991882294e-12, 0.0, 0.0]",0.0,0.0,0.0,0.0,0.0,0.0,0.0,0,0.0,0.0,0.0,0,0.0,0.0,0.0,2.71e-09,0.0,0,0.0
Urban_Soil,freeMP,mp5,1.6045073624072808e-09,"[1.5853310502283106e-08, 0.0, 0.0, 1.5854895991882294e-12, 0.0]",0.0,0.0,0.0,0.0,0.0,0.0,0.0,0,0.0,0.0,0.0,0,0.0,0.0,0.0,2.71e-09,0.0,0,0.0
Urban_Soil,heterMP,mp1,1.6045073624072808e-10,"[0.0, 0.0, 0.0, 0.0, 0.0]",0.0,0.0,0.0,0.0,0.0,0.0,0.0,0,0.0,0.0,0.0,0,0.0,0.0,0.0,2.71e-09,0.0,0,0.0
Urban_Soil,heterMP,mp2,1.6045073624072808e-10,"[2.593120806529515e-13, 0.0, 0.0, 0.0, 0.0]",0.0,0.0,0.0,0.0,0.0,0.0,0.0,0,0.0,0.0,0.0,0,0.0,0.0,0.0,2.71e-09,0.0,0,0.0
Urban_Soil,heterMP,mp3,1.6045073624072808e-10,"[1.5713985593849791e-12, 1.5872712721060393e-14, 0.0, 0.0, 0.0]",0.0,0.0,0.0,0.0,0.0,0.0,0.0,0,0.0,0.0,0.0,0,0.0,0.0,0.0,2.71e-09,0.0,0,0.0
Urban_Soil,heterMP,mp4,1.6045073624072808e-10,"[1.5839058914791605e-11, 0.0, 1.5854913828620226e-14, 0.0, 0.0]",0.0,0.0,0.0,0.0,0.0,0.0,0.0,0,0.0,0.0,0.0,0,0.0,0.0,0.0,2.71e-09,0.0,0,0.0
Urban_Soil,heterMP,mp5,1.6045073624072808e-10,"[1.5853310520118084e-10, 0.0, 0.0, 1.5854896009719056e-14, 0.0]",0.0,0.0,0.0,0.0,0.0,0.0,0.0,0,0.0,0.0,0.0,0,0.0,0.0,0.0,2.71e-09,0.0,0,0.0
Urban_Soil,biofMP,mp1,3.2090147248145615e-10,"[0.0, 0.0, 0.0, 0.0, 0.0]",0.0,0.0,0.0,0.0,0.0,0.0,0.0,0,0.0,0.0,0.0,0,0.0,0.0,0.0,2.71e-09,0.0,0,0.0
Urban_Soil,biofMP,mp2,3.2090147248145615e-10,"[2.3782343987823443e-11, 0.0, 0.0, 0.0, 0.0]",0.0,0.0,0.0,0.0,0.0,0.0,0.0,0,0.0,0.0,0.0,0,0.0,0.0,0.0,2.71e-09,0.0,0,0.0
Urban_Soil,biofMP,mp3,3.2090147248145615e-10,"[9.417808219178081e-11, 9.512937595129375e-13, 0.0, 0.0, 0.0]",0.0,0.0,0.0,0.0,0.0,0.0,0.0,0,0.0,0.0,0.0,0,0.0,0.0,0.0,2.71e-09,0.0,0,0.0
Urban_Soil,biofMP,mp4,3.2090147248145615e-10,"[8.07791095890411e-10, 0.0, 8.085996955859971e-13, 0.0, 0.0]",0.0,0.0,0.0,0.0,0.0,0.0,0.0,0,0.0,0.0,0.0,0,0.0,0.0,0.0,2.71e-09,0.0,0,0.0
Urban_Soil,biofMP,mp5,3.2090147248145615e-10,"[7.942508561643834e-09, 0.0, 0.0, 7.943302891933028e-13, 0.0]",0.0,0.0,0.0,0.0,0.0,0.0,0.0,0,0.0,0.0,0.0,0,0.0,0.0,0.0,2.71e-09,0.0,0,0.0
Urban_Soil,heterBiofMP,mp1,8.022536812036404e-11,"[0.0, 0.0, 0.0, 0.0, 0.0]",0.0,0.0,0.0,0.0,0.0,0.0,0.0,0,0.0,0.0,0.0,0,0.0,0.0,0.0,2.71e-09,0.0,0,0.0
Urban_Soil,heterBiofMP,mp2,8.022536812036404e-11,"[2.4734634501663643e-13, 0.0, 0.0, 0.0, 0.0]",0.0,0.0,0.0,0.0,0.0,0.0,0.0,0,0.0,0.0,0.0,0,0.0,0.0,0.0,2.71e-09,0.0,0,0.0
Urban_Soil,heterBiofMP,mp3,8.022536812036404e-11,"[9.42393561727571e-13, 9.519126886137082e-15, 0.0, 0.0, 0.0]",0.0,0.0,0.0,0.0,0.0,0.0,0.0,0,0.0,0.0,0.0,0,0.0,0.0,0.0,2.71e-09,0.0,0,0.0
Urban_Soil,heterBiofMP,mp4,8.022536812036404e-11,"[8.077919522390436e-12, 0.0, 8.086005527918355e-15, 0.0, 0.0]",0.0,0.0,0.0,0.0,0.0,0.0,0.0,0,0.0,0.0,0.0,0,0.0,0.0,0.0,2.71e-09,0.0,0,0.0
Urban_Soil,heterBiofMP,mp5,8.022536812036404e-11,"[7.942508570525762e-11, 0.0, 0.0, 7.943302900815844e-15, 0.0]",0.0,0.0,0.0,0.0,0.0,0.0,0.0,0,0.0,0.0,0.0,0,0.0,0.0,0.0,2.71e-09,0.0,0,0.0
Background_Soil_Surface,freeMP,mp1,1.6045073624072808e-09,"[0.0, 0.0, 0.0, 0.0, 0.0]",0.0,0.0,0.0,0.0,0.0,0.0,0.0,0,0.0,0.0,0.0,"[0.0, 4.69e-09]",0.0,0.0,4.68e-24,0.0,0.0,0,0.0
Background_Soil_Surface,freeMP,mp2,1.6045073624072808e-09,"[1.5854895991882296e-10, 0.0, 0.0, 0.0, 0.0]",0.0,0.0,0.0,0.0,0.0,0.0,0.0,0,0.0,0.0,0.0,"[0.0, 4.69e-09]",0.0,0.0,4.68e-24,0.0,0.0,0,0.0
Background_Soil_Surface,freeMP,mp3,1.6045073624072808e-09,"[1.569634703196347e-09, 1.5854895991882293e-11, 0.0, 0.0, 0.0]",0.0,0.0,0.0,0.0,0.0,0.0,0.0,0,0.0,0.0,0.0,"[0.0, 4.69e-09]",0.0,0.0,4.68e-24,0.0,0.0,0,0.0
Background_Soil_Surface,freeMP,mp4,1.6045073624072808e-09,"[1.583904109589041e-08, 0.0, 1.5854895991882293e-11, 0.0, 0.0]",0.0,0.0,0.0,0.0,0.0,0.0,0.0,0,0.0,0.0,0.0,"[0.0, 4.69e-09]",0.0,0.0,4.68e-24,0.0,0.0,0,0.0
Background_Soil_Surface,freeMP,mp5,1.6045073624072808e-09,"[1.5853310502283102e-07, 0.0, 0.0, 1.5854895991882293e-11, 0.0]",0.0,0.0,0.0,0.0,0.0,0.0,0.0,0,0.0,0.0,0.0,"[0.0, 4.69e-09]",0.0,0.0,4.68e-24,0.0,0.0,0,0.0
Background_Soil_Surface,heterMP,mp1,1.6045073624072808e-10,"[0.0, 0.0, 0.0, 0.0, 0.0]",0.0,0.0,0.0,0.0,0.0,0.0,0.0,0,0.0,0.0,0.0,"[0.0, 4.69e-09]",0.0,0.0,4.68e-24,0.0,0.0,0,0.0
Background_Soil_Surface,heterMP,mp2,1.6045073624072808e-10,"[2.593120806529515e-12, 0.0, 0.0, 0.0, 0.0]",0.0,0.0,0.0,0.0,0.0,0.0,0.0,0,0.0,0.0,0.0,"[0.0, 4.69e-09]",0.0,0.0,4.68e-24,0.0,0.0,0,0.0
Background_Soil_Surface,heterMP,mp3,1.6045073624072808e-10,"[1.571398559384979e-11, 1.5872712721060394e-13, 0.0, 0.0, 0.0]",0.0,0.0,0.0,0.0,0.0,0.0,0.0,0,0.0,0.0,0.0,"[0.0, 4.69e-09]",0.0,0.0,4.68e-24,0.0,0.0,0,0.0
Background_Soil_Surface,heterMP,mp4,1.6045073624072808e-10,"[1.5839058914791603e-10, 0.0, 1.5854913828620223e-13, 0.0, 0.0]",0.0,0.0,0.0,0.0,0.0,0.0,0.0,0,0.0,0.0,0.0,"[0.0, 4.69e-09]",0.0,0.0,4.68e-24,0.0,0.0,0,0.0
Background_Soil_Surface,heterMP,mp5,1.6045073624072808e-10,"[1.5853310520118086e-09, 0.0, 0.0, 1.585489600971906e-13, 0.0]",0.0,0.0,0.0,0.0,0.0,0.0,0.0,0,0.0,0.0,0.0,"[0.0, 4.69e-09]",0.0,0.0,4.68e-24,0.0,0.0,0,0.0
Background_Soil_Surface,biofMP,mp1,3.2090147248145615e-10,"[0.0, 0.0, 0.0, 0.0, 0.0]",0.0,0.0,0.0,0.0,0.0,0.0,0.0,0,0.0,0.0,0.0,"[0.0, 4.69e-09]",0.0,0.0,4.68e-24,0.0,0.0,0,0.0
Background_Soil_Surface,biofMP,mp2,3.2090147248145615e-10,"[2.378234398782344e-10, 0.0, 0.0, 0.0, 0.0]",0.0,0.0,0.0,0.0,0.0,0.0,0.0,0,0.0,0.0,0.0,"[0.0, 4.69e-09]",0.0,0.0,4.68e-24,0.0,0.0,0,0.0
Background_Soil_Surface,biofMP,mp3,3.2090147248145615e-10,"[9.417808219178083e-10, 9.512937595129375e-12, 0.0, 0.0, 0.0]",0.0,0.0,0.0,0.0,0.0,0.0,0.0,0,0.0,0.0,0.0,"[0.0, 4.69e-09]",0.0,0.0,4.68e-24,0.0,0.0,0,0.0
Background_Soil_Surface,biofMP,mp4,3.2090147248145615e-10,"[8.07791095890411e-09, 0.0, 8.08599695585997e-12, 0.0, 0.0]",0.0,0.0,0.0,0.0,0.0,0.0,0.0,0,0.0,0.0,0.0,"[0.0, 4.69e-09]",0.0,0.0,4.68e-24,0.0,0.0,0,0.0
Background_Soil_Surface,biofMP,mp5,3.2090147248145615e-10,"[7.942508561643837e-08, 0.0, 0.0, 7.94330289193303e-12, 0.0]",0.0,0.0,0.0,0.0,0.0,0.0,0.0,0,0.0,0.0,0.0,"[0.0, 4.69e-09]",0.0,0.0,4.68e-24,0.0,0.0,0,0.0
Background_Soil_Surface,heterBiofMP,mp1,8.022536812036404e-11,"[0.0, 0.0, 0.0, 0.0, 0.0]",0.0,0.0,0.0,0.0,0.0,0.0,0.0,0,0.0,0.0,0.0,"[0.0, 4.69e-09]",0.0,0.0,4.68e-24,0.0,0.0,0,0.0
Background_Soil_Surface,heterBiofMP,mp2,8.022536812036404e-11,"[2.4734634501663645e-12, 0.0, 0.0, 0.0, 0.0]",0.0,0.0,0.0,0.0,0.0,0.0,0.0,0,0.0,0.0,0.0,"[0.0, 4.69e-09]",0.0,0.0,4.68e-24,0.0,0.0,0,0.0
Background_Soil_Surface,heterBiofMP,mp3,8.022536812036404e-11,"[9.42393561727571e-12, 9.51912688613708e-14, 0.0, 0.0, 0.0]",0.0,0.0,0.0,0.0,0.0,0.0,0.0,0,0.0,0.0,0.0,"[0.0, 4.69e-09]",0.0,0.0,4.68e-24,0.0,0.0,0,0.0
Background_Soil_Surface,heterBiofMP,mp4,8.022536812036404e-11,"[8.077919522390437e-11, 0.0, 8.086005527918356e-14, 0.0, 0.0]",0.0,0.0,0.0,0.0,0.0,0.0,0.0,0,0.0,0.0,0.0,"[0.0, 4.69e-09]",0.0,0.0,4.68e-24,0.0,0.0,0,0.0
Background_Soil_Surface,heterBiofMP,mp5,8.022536812036404e-11,"[7.942508570525761e-10, 0.0, 0.0, 7.943302900815842e-14, 0.0]",0.0,0.0,0.0,0.0,0.0,0.0,0.0,0,0.0,0.0,0.0,"[0.0, 4.69e-09]",0.0,0.0,4.68e-24,0.0,0.0,0,0.0
Background_Soil,freeMP,mp1,1.6045073624072808e-09,"[0.0, 0.0, 0.0, 0.0, 0.0]",0.0,0.0,0.0,0.0,0.0,0.0,0.0,0,0.0,0.0,0.0,0,0.0,0.0,0.0,2.71e-09,0.0,0,0.0
Background_Soil,freeMP,mp2,1.6045073624072808e-09,"[1.5854895991882293e-11, 0.0, 0.0, 0.0, 0.0]",0.0,0.0,0.0,0.0,0.0,0.0,0.0,0,0.0,0.0,0.0,0,0.0,0.0,0.0,2.71e-09,0.0,0,0.0
Background_Soil,freeMP,mp3,1.6045073624072808e-09,"[1.5696347031963473e-10, 1.5854895991882296e-12, 0.0, 0.0, 0.0]",0.0,0.0,0.0,0.0,0.0,0.0,0.0,0,0.0,0.0,0.0,0,0.0,0.0,0.0,2.71e-09,0.0,0,0.0
Background_Soil,freeMP,mp4,1.6045073624072808e-09,"[1.5839041095890411e-09, 0.0, 1.5854895991882294e-12, 0.0, 0.0]",0.0,0.0,0.0,0.0,0.0,0.0,0.0,0,0.0,0.0,0.0,0,0.0,0.0,0.0,2.71e-09,0.0,0,0.0
Background_Soil,freeMP,mp5,1.6045073624072808e-09,"[1.5853310502283106e-08, 0.0, 0.0, 1.5854895991882294e-12, 0.0]",0.0,0.0,0.0,0.0,0.0,0.0,0.0,0,0.0,0.0,0.0,0,0.0,0.0,0.0,2.71e-09,0.0,0,0.0
Background_Soil,heterMP,mp1,1.6045073624072808e-10,"[0.0, 0.0, 0.0, 0.0, 0.0]",0.0,0.0,0.0,0.0,0.0,0.0,0.0,0,0.0,0.0,0.0,0,0.0,0.0,0.0,2.71e-09,0.0,0,0.0
Background_Soil,heterMP,mp2,1.6045073624072808e-10,"[2.593120806529515e-13, 0.0, 0.0, 0.0, 0.0]",0.0,0.0,0.0,0.0,0.0,0.0,0.0,0,0.0,0.0,0.0,0,0.0,0.0,0.0,2.71e-09,0.0,0,0.0
Background_Soil,heterMP,mp3,1.6045073624072808e-10,"[1.5713985593849791e-12, 1.5872712721060393e-14, 0.0, 0.0, 0.0]",0.0,0.0,0.0,0.0,0.0,0.0,0.0,0,0.0,0.0,0.0,0,0.0,0.0,0.0,2.71e-09,0.0,0,0.0
Background_Soil,heterMP,mp4,1.6045073624072808e-10,"[1.5839058914791605e-11, 0.0, 1.5854913828620226e-14, 0.0, 0.0]",0.0,0.0,0.0,0.0,0.0,0.0,0.0,0,0.0,0.0,0.0,0,0.0,0.0,0.0,2.71e-09,0.0,0,0.0
Background_Soil,heterMP,mp5,1.6045073624072808e-10,"[1.5853310520118084e-10, 0.0, 0.0, 1.5854896009719056e-14, 0.0]",0.0,0.0,0.0,0.0,0.0,0.0,0.0,0,0.0,0.0,0.0,0,0.0,0.0,0.0,2.71e-09,0.0,0,0.0
Background_Soil,biofMP,mp1,3.2090147248145615e-10,"[0.0, 0.0, 0.0, 0.0, 0.0]",0.0,0.0,0.0,0.0,0.0,0.0,0.0,0,0.0,0.0,0.0,0,0.0,0.0,0.0,2.71e-09,0.0,0,0.0
Background_Soil,biofMP,mp2,3.2090147248145615e-10,"[2.3782343987823443e-11, 0.0, 0.0, 0.0, 0.0]",0.0,0.0,0.0,0.0,0.0,0.0,0.0,0,0.0,0.0,0.0,0,0.0,0.0,0.0,2.71e-09,0.0,0,0.0
Background_Soil,biofMP,mp3,3.2090147248145615e-10,"[9.417808219178081e-11, 9.512937595129375e-13, 0.0, 0.0, 0.0]",0.0,0.0,0.0,0.0,0.0,0.0,0.0,0,0.0,0.0,0.0,0,0.0,0.0,0.0,2.71e-09,0.0,0,0.0
Background_Soil,biofMP,mp4,3.2090147248145615e-10,"[8.07791095890411e-10, 0.0, 8.085996955859971e-13, 0.0, 0.0]",0.0,0.0,0.0,0.0,0.0,0.0,0.0,0,0.0,0.0,0.0,0,0.0,0.0,0.0,2.71e-09,0.0,0,0.0
Background_Soil,biofMP,mp5,3.2090147248145615e-10,"[7.942508561643834e-09, 0.0, 0.0, 7.943302891933028e-13, 0.0]",0.0,0.0,0.0,0.0,0.0,0.0,0.0,0,0.0,0.0,0.0,0,0.0,0.0,0.0,2.71e-09,0.0,0,0.0
Background_Soil,heterBiofMP,mp1,8.022536812036404e-11,"[0.0, 0.0, 0.0, 0.0, 0.0]",0.0,0.0,0.0,0.0,0.0,0.0,0.0,0,0.0,0.0,0.0,0,0.0,0.0,0.0,2.71e-09,0.0,0,0.0
Background_Soil,heterBiofMP,mp2,8.022536812036404e-11,"[2.4734634501663643e-13, 0.0, 0.0, 0.0, 0.0]",0.0,0.0,0.0,0.0,0.0,0.0,0.0,0,0.0,0.0,0.0,0,0.0,0.0,0.0,2.71e-09,0.0,0,0.0
Background_Soil,heterBiofMP,mp3,8.022536812036404e-11,"[9.42393561727571e-13, 9.519126886137082e-15, 0.0, 0.0, 0.0]",0.0,0.0,0.0,0.0,0.0,0.0,0.0,0,0.0,0.0,0.0,0,0.0,0.0,0.0,2.71e-09,0.0,0,0.0
Background_Soil,heterBiofMP,mp4,8.022536812036404e-11,"[8.077919522390436e-12, 0.0, 8.086005527918355e-15, 0.0, 0.0]",0.0,0.0,0.0,0.0,0.0,0.0,0.0,0,0.0,0.0,0.0,0,0.0,0.0,0.0,2.71e-09,0.0,0,0.0
Background_Soil,heterBiofMP,mp5,8.022536812036404e-11,"[7.942508570525762e-11, 0.0, 0.0, 7.943302900815844e-15, 0.0]",0.0,0.0,0.0,0.0,0.0,0.0,0.0,0,0.0,0.0,0.0,0,0.0,0.0,0.0,2.71e-09,0.0,0,0.0
Agricultural_Soil_Surface,freeMP,mp1,1.6045073624072808e-09,"[0.0, 0.0, 0.0, 0.0, 0.0]",0.0,0.0,0.0,0.0,0.0,0.0,0.0,0,0.0,0.0,0.0,"[0.0, 4.69e-09]",0.0,0.0,4.68e-24,0.0,0.0,0,0.0
Agricultural_Soil_Surface,freeMP,mp2,1.6045073624072808e-09,"[1.5854895991882296e-10, 0.0, 0.0, 0.0, 0.0]",0.0,0.0,0.0,0.0,0.0,0.0,0.0,0,0.0,0.0,0.0,"[0.0, 4.69e-09]",0.0,0.0,4.68e-24,0.0,0.0,0,0.0
Agricultural_Soil_Surface,freeMP,mp3,1.6045073624072808e-09,"[1.569634703196347e-09, 1.5854895991882293e-11, 0.0, 0.0, 0.0]",0.0,0.0,0.0,0.0,0.0,0.0,0.0,0,0.0,0.0,0.0,"[0.0, 4.69e-09]",0.0,0.0,4.68e-24,0.0,0.0,0,0.0
Agricultural_Soil_Surface,freeMP,mp4,1.6045073624072808e-09,"[1.583904109589041e-08, 0.0, 1.5854895991882293e-11, 0.0, 0.0]",0.0,0.0,0.0,0.0,0.0,0.0,0.0,0,0.0,0.0,0.0,"[0.0, 4.69e-09]",0.0,0.0,4.68e-24,0.0,0.0,0,0.0
Agricultural_Soil_Surface,freeMP,mp5,1.6045073624072808e-09,"[1.5853310502283102e-07, 0.0, 0.0, 1.5854895991882293e-11, 0.0]",0.0,0.0,0.0,0.0,0.0,0.0,0.0,0,0.0,0.0,0.0,"[0.0, 4.69e-09]",0.0,0.0,4.68e-24,0.0,0.0,0,0.0
Agricultural_Soil_Surface,heterMP,mp1,1.6045073624072808e-10,"[0.0, 0.0, 0.0, 0.0, 0.0]",0.0,0.0,0.0,0.0,0.0,0.0,0.0,0,0.0,0.0,0.0,"[0.0, 4.69e-09]",0.0,0.0,4.68e-24,0.0,0.0,0,0.0
Agricultural_Soil_Surface,heterMP,mp2,1.6045073624072808e-10,"[2.593120806529515e-12, 0.0, 0.0, 0.0, 0.0]",0.0,0.0,0.0,0.0,0.0,0.0,0.0,0,0.0,0.0,0.0,"[0.0, 4.69e-09]",0.0,0.0,4.68e-24,0.0,0.0,0,0.0
Agricultural_Soil_Surface,heterMP,mp3,1.6045073624072808e-10,"[1.571398559384979e-11, 1.5872712721060394e-13, 0.0, 0.0, 0.0]",0.0,0.0,0.0,0.0,0.0,0.0,0.0,0,0.0,0.0,0.0,"[0.0, 4.69e-09]",0.0,0.0,4.68e-24,0.0,0.0,0,0.0
Agricultural_Soil_Surface,heterMP,mp4,1.6045073624072808e-10,"[1.5839058914791603e-10, 0.0, 1.5854913828620223e-13, 0.0, 0.0]",0.0,0.0,0.0,0.0,0.0,0.0,0.0,0,0.0,0.0,0.0,"[0.0, 4.69e-09]",0.0,0.0,4.68e-24,0.0,0.0,0,0.0
Agricultural_Soil_Surface,heterMP,mp5,1.6045073624072808e-10,"[1.5853310520118086e-09, 0.0, 0.0, 1.585489600971906e-13, 0.0]",0.0,0.0,0.0,0.0,0.0,0.0,0.0,0,0.0,0.0,0.0,"[0.0, 4.69e-09]",0.0,0.0,4.68e-24,0.0,0.0,0,0.0
Agricultural_Soil_Surface,biofMP,mp1,3.2090147248145615e-10,"[0.0, 0.0, 0.0, 0.0, 0.0]",0.0,0.0,0.0,0.0,0.0,0.0,0.0,0,0.0,0.0,0.0,"[0.0, 4.69e-09]",0.0,0.0,4.68e-24,0.0,0.0,0,0.0
Agricultural_Soil_Surface,biofMP,mp2,3.2090147248145615e-10,"[2.378234398782344e-10, 0.0, 0.0, 0.0, 0.0]",0.0,0.0,0.0,0.0,0.0,0.0,0.0,0,0.0,0.0,0.0,"[0.0, 4.69e-09]",0.0,0.0,4.68e-24,0.0,0.0,0,0.0
Agricultural_Soil_Surface,biofMP,mp3,3.2090147248145615e-10,"[9.417808219178083e-10, 9.512937595129375e-12, 0.0, 0.0, 0.0]",0.0,0.0,0.0,0.0,0.0,0.0,0.0,0,0.0,0.0,0.0,"[0.0, 4.69e-09]",0.0,0.0,4.68e-24,0.0,0.0,0,0.0
Agricultural_Soil_Surface,biofMP,mp4,3.2090147248145615e-10,"[8.07791095890411e-09, 0.0, 8.08599695585997e-12, 0.0, 0.0]",0.0,0.0,0.0,0.0,0.0,0.0,0.0,0,0.0,0.0,0.0,"[0.0, 4.69e-09]",0.0,0.0,4.68e-24,0.0,0.0,0,0.0
Agricultural_Soil_Surface,biofMP,mp5,3.2090147248145615e-10,"[7.942508561643837e-08, 0.0, 0.0, 7.94330289193303e-12, 0.0]",0.0,0.0,0.0,0.0,0.0,0.0,0.0,0,0.0,0.0,0.0,"[0.0, 4.69e-09]",0.0,0.0,4.68e-24,0.0,0.0,0,0.0
Agricultural_Soil_Surface,heterBiofMP,mp1,8.022536812036404e-11,"[0.0, 0.0, 0.0, 0.0, 0.0]",0.0,0.0,0.0,0.0,0.0,0.0,0.0,0,0.0,0.0,0.0,"[0.0, 4.69e-09]",0.0,0.0,4.68e-24,0.0,0.0,0,0.0
Agricultural_Soil_Surface,heterBiofMP,mp2,8.022536812036404e-11,"[2.4734634501663645e-12, 0.0, 0.0, 0.0, 0.0]",0.0,0.0,0.0,0.0,0.0,0.0,0.0,0,0.0,0.0,0.0,"[0.0, 4.69e-09]",0.0,0.0,4.68e-24,0.0,0.0,0,0.0
Agricultural_Soil_Surface,heterBiofMP,mp3,8.022536812036404e-11,"[9.42393561727571e-12, 9.51912688613708e-14, 0.0, 0.0, 0.0]",0.0,0.0,0.0,0.0,0.0,0.0,0.0,0,0.0,0.0,0.0,"[0.0, 4.69e-09]",0.0,0.0,4.68e-24,0.0,0.0,0,0.0
Agricultural_Soil_Surface,heterBiofMP,mp4,8.022536812036404e-11,"[8.077919522390437e-11, 0.0, 8.086005527918356e-14, 0.0, 0.0]",0.0,0.0,0.0,0.0,0.0,0.0,0.0,0,0.0,0.0,0.0,"[0.0, 4.69e-09]",0.0,0.0,4.68e-24,0.0,0.0,0,0.0
Agricultural_Soil_Surface,heterBiofMP,mp5,8.022536812036404e-11,"[7.942508570525761e-10, 0.0, 0.0, 7.943302900815842e-14, 0.0]",0.0,0.0,0.0,0.0,0.0,0.0,0.0,0,0.0,0.0,0.0,"[0.0, 4.69e-09]",0.0,0.0,4.68e-24,0.0,0.0,0,0.0
Agricultural_Soil,freeMP,mp1,1.6045073624072808e-09,"[0.0, 0.0, 0.0, 0.0, 0.0]",0.0,0.0,0.0,0.0,0.0,0.0,0.0,0,0.0,0.0,0.0,0,0.0,0.0,0.0,2.71e-09,0.0,0,0.0
Agricultural_Soil,freeMP,mp2,1.6045073624072808e-09,"[1.5854895991882293e-11, 0.0, 0.0, 0.0, 0.0]",0.0,0.0,0.0,0.0,0.0,0.0,0.0,0,0.0,0.0,0.0,0,0.0,0.0,0.0,2.71e-09,0.0,0,0.0
Agricultural_Soil,freeMP,mp3,1.6045073624072808e-09,"[1.5696347031963473e-10, 1.5854895991882296e-12, 0.0, 0.0, 0.0]",0.0,0.0,0.0,0.0,0.0,0.0,0.0,0,0.0,0.0,0.0,0,0.0,0.0,0.0,2.71e-09,0.0,0,0.0
Agricultural_Soil,freeMP,mp4,1.6045073624072808e-09,"[1.5839041095890411e-09, 0.0, 1.5854895991882294e-12, 0.0, 0.0]",0.0,0.0,0.0,0.0,0.0,0.0,0.0,0,0.0,0.0,0.0,0,0.0,0.0,0.0,2.71e-09,0.0,0,0.0
Agricultural_Soil,freeMP,mp5,1.6045073624072808e-09,"[1.5853310502283106e-08, 0.0, 0.0, 1.5854895991882294e-12, 0.0]",0.0,0.0,0.0,0.0,0.0,0.0,0.0,0,0.0,0.0,0.0,0,0.0,0.0,0.0,2.71e-09,0.0,0,0.0
Agricultural_Soil,heterMP,mp1,1.6045073624072808e-10,"[0.0, 0.0, 0.0, 0.0, 0.0]",0.0,0.0,0.0,0.0,0.0,0.0,0.0,0,0.0,0.0,0.0,0,0.0,0.0,0.0,2.71e-09,0.0,0,0.0
Agricultural_Soil,heterMP,mp2,1.6045073624072808e-10,"[2.593120806529515e-13, 0.0, 0.0, 0.0, 0.0]",0.0,0.0,0.0,0.0,0.0,0.0,0.0,0,0.0,0.0,0.0,0,0.0,0.0,0.0,2.71e-09,0.0,0,0.0
Agricultural_Soil,heterMP,mp3,1.6045073624072808e-10,"[1.5713985593849791e-12, 1.5872712721060393e-14, 0.0, 0.0, 0.0]",0.0,0.0,0.0,0.0,0.0,0.0,0.0,0,0.0,0.0,0.0,0,0.0,0.0,0.0,2.71e-09,0.0,0,0.0
Agricultural_Soil,heterMP,mp4,1.6045073624072808e-10,"[1.5839058914791605e-11, 0.0, 1.5854913828620226e-14, 0.0, 0.0]",0.0,0.0,0.0,0.0,0.0,0.0,0.0,0,0.0,0.0,0.0,0,0.0,0.0,0.0,2.71e-09,0.0,0,0.0
Agricultural_Soil,heterMP,mp5,1.6045073624072808e-10,"[1.5853310520118084e-10, 0.0, 0.0, 1.5854896009719056e-14, 0.0]",0.0,0.0,0.0,0.0,0.0,0.0,0.0,0,0.0,0.0,0.0,0,0.0,0.0,0.0,2.71e-09,0.0,0,0.0
Agricultural_Soil,biofMP,mp1,3.2090147248145615e-10,"[0.0, 0.0, 0.0, 0.0, 0.0]",0.0,0.0,0.0,0.0,0.0,0.0,0.0,0,0.0,0.0,0.0,0,0.0,0.0,0.0,2.71e-09,0.0,0,0.0
Agricultural_Soil,biofMP,mp2,3.2090147248145615e-10,"[2.3782343987823443e-11, 0.0, 0.0, 0.0, 0.0]",0.0,0.0,0.0,0.0,0.0,0.0,0.0,0,0.0,0.0,0.0,0,0.0,0.0,0.0,2.71e-09,0.0,0,0.0
Agricultural_Soil,biofMP,mp3,3.2090147248145615e-10,"[9.417808219178081e-11, 9.512937595129375e-13, 0.0, 0.0, 0.0]",0.0,0.0,0.0,0.0,0.0,0.0,0.0,0,0.0,0.0,0.0,0,0.0,0.0,0.0,2.71e-09,0.0,0,0.0
Agricultural_Soil,biofMP,mp4,3.2090147248145615e-10,"[8.07791095890411e-10, 0.0, 8.085996955859971e-13, 0.0, 0.0]",0.0,0.0,0.0,0.0,0.0,0.0,0.0,0,0.0,0.0,0.0,0,0.0,0.0,0.0,2.71e-09,0.0,0,0.0
Agricultural_Soil,biofMP,mp5,3.2090147248145615e-10,"[7.942508561643834e-09, 0.0, 0.0, 7.943302891933028e-13, 0.0]",0.0,0.0,0.0,0.0,0.0,0.0,0.0,0,0.0,0.0,0.0,0,0.0,0.0,0.0,2.71e-09,0.0,0,0.0
Agricultural_Soil,heterBiofMP,mp1,8.022536812036404e-11,"[0.0, 0.0, 0.0, 0.0, 0.0]",0.0,0.0,0.0,0.0,0.0,0.0,0.0,0,0.0,0.0,0.0,0,0.0,0.0,0.0,2.71e-09,0.0,0,0.0
Agricultural_Soil,heterBiofMP,mp2,8.022536812036404e-11,"[2.4734634501663643e-13, 0.0, 0.0, 0.0, 0.0]",0.0,0.0,0.0,0.0,0.0,0.0,0.0,0,0.0,0.0,0.0,0,0.0,0.0,0.0,2.71e-09,0.0,0,0.0
Agricultural_Soil,heterBiofMP,mp3,8.022536812036404e-11,"[9.42393561727571e-13, 9.519126886137082e-15, 0.0, 0.0, 0.0]",0.0,0.0,0.0,0.0,0.0,0.0,0.0,0,0.0,0.0,0.0,0,0.0,0.0,0.0,2.71e-09,0.0,0,0.0
Agricultural_Soil,heterBiofMP,mp4,8.022536812036404e-11,"[8.077919522390436e-12, 0.0, 8.086005527918355e-15, 0.0, 0.0]",0.0,0.0,0.0,0.0,0.0,0.0,0.0,0,0.0,0.0,0.0,0,0.0,0.0,0.0,2.71e-09,0.0,0,0.0
Agricultural_Soil,heterBiofMP,mp5,8.022536812036404e-11,"[7.942508570525762e-11, 0.0, 0.0, 7.943302900815844e-15, 0.0]",0.0,0.0,0.0,0.0,0.0,0.0,0.0,0,0.0,0.0,0.0,0,0.0,0.0,0.0,2.71e-09,0.0,0,0.0
Air,freeMP,mp1,1.6045073624072808e-09,"[0.0, 0.0, 0.0, 0.0, 0.0]",0.0,0.0,0.0,0.0,0.0,0.0,0.0,0,0.0,0.0,0.0,0,0.0,0.0,0.0,0.0,0.0,"[5.335372549019609e-06, 1.3695156862745097e-07, 1.403637254901961e-07, 8.716509803921569e-07, 1.377270588235294e-06, 4.590901960784314e-08]",0.0
Air,freeMP,mp2,1.6045073624072808e-09,"[0.0, 0.0, 0.0, 0.0, 0.0]",0.0,0.0,0.0,0.0,0.0,0.0,0.0,0,0.0,0.0,0.0,0,0.0,0.0,0.0,0.0,0.0,"[5.335372549019609e-06, 1.3695156862745097e-07, 1.403637254901961e-07, 8.716509803921569e-07, 1.377270588235294e-06, 4.590901960784314e-08]",0.0
Air,freeMP,mp3,1.6045073624072808e-09,"[0.0, 0.0, 0.0, 0.0, 0.0]",0.0,0.0,0.0,0.0,0.0,0.0,0.0,0,0.0,0.0,0.0,0,0.0,0.0,0.0,0.0,0.0,"[5.335372549019609e-06, 1.3695156862745097e-07, 1.403637254901961e-07, 8.716509803921569e-07, 1.377270588235294e-06, 4.590901960784314e-08]",0.0
Air,freeMP,mp4,1.6045073624072808e-09,"[0.0, 0.0, 0.0, 0.0, 0.0]",0.0,0.0,0.0,0.0,0.0,0.0,0.0,0,0.0,0.0,0.0,0,0.0,0.0,0.0,0.0,0.0,"[5.335372549019609e-06, 1.3695156862745097e-07, 1.403637254901961e-07, 8.716509803921569e-07, 1.377270588235294e-06, 4.590901960784314e-08]",0.0
Air,freeMP,mp5,1.6045073624072808e-09,"[0.0, 0.0, 0.0, 0.0, 0.0]",0.0,0.0,0.0,0.0,0.0,0.0,0.0,0,0.0,0.0,0.0,0,0.0,0.0,0.0,0.0,0.0,"[5.335372549019609e-06, 1.3695156862745097e-07, 1.403637254901961e-07, 8.716509803921569e-07, 1.377270588235294e-06, 4.590901960784314e-08]",0.0
Air,heterMP,mp1,1.6045073624072808e-10,"[0.0, 0.0, 0.0, 0.0, 0.0]",0.0,0.0,0.0,0.0,0.0,0.0,0.0,0,0.0,0.0,0.0,0,0.0,0.0,0.0,0.0,0.0,"[5.335372549019609e-06, 1.3695156862745097e-07, 1.403637254901961e-07, 8.716509803921569e-07, 1.377270588235294e-06, 4.590901960784314e-08]",0.0
Air,heterMP,mp2,1.6045073624072808e-10,"[0.0, 0.0, 0.0, 0.0, 0.0]",0.0,0.0,0.0,0.0,0.0,0.0,0.0,0,0.0,0.0,0.0,0,0.0,0.0,0.0,0.0,0.0,"[5.335372549019609e-06, 1.3695156862745097e-07, 1.403637254901961e-07, 8.716509803921569e-07, 1.377270588235294e-06, 4.590901960784314e-08]",0.0
Air,heterMP,mp3,1.6045073624072808e-10,"[0.0, 0.0, 0.0, 0.0, 0.0]",0.0,0.0,0.0,0.0,0.0,0.0,0.0,0,0.0,0.0,0.0,0,0.0,0.0,0.0,0.0,0.0,"[5.335372549019609e-06, 1.3695156862745097e-07, 1.403637254901961e-07, 8.716509803921569e-07, 1.377270588235294e-06, 4.590901960784314e-08]",0.0
Air,heterMP,mp4,1.6045073624072808e-10,"[0.0, 0.0, 0.0, 0.0, 0.0]",0.0,0.0,0.0,0.0,0.0,0.0,0.0,0,0.0,0.0,0.0,0,0.0,0.0,0.0,0.0,0.0,"[5.335372549019609e-06, 1.3695156862745097e-07, 1.403637254901961e-07, 8.716509803921569e-07, 1.377270588235294e-06, 4.590901960784314e-08]",0.0
Air,heterMP,mp5,1.6045073624072808e-10,"[0.0, 0.0, 0.0, 0.0, 0.0]",0.0,0.0,0.0,0.0,0.0,0.0,0.0,0,0.0,0.0,0.0,0,0.0,0.0,0.0,0.0,0.0,"[5.335372549019609e-06, 1.3695156862745097e-07, 1.403637254901961e-07, 8.716509803921569e-07, 1.377270588235294e-06, 4.590901960784314e-08]",0.0
Air,biofMP,mp1,3.2090147248145615e-10,"[0.0, 0.0, 0.0, 0.0, 0.0]",0.0,0.0,0.0,0.0,0.0,0.0,0.0,0,0.0,0.0,0.0,0,0.0,0.0,0.0,0.0,0.0,"[5.335372549019609e-06, 1.3695156862745097e-07, 1.403637254901961e-07, 8.716509803921569e-07, 1.377270588235294e-06, 4.590901960784314e-08]",0.0
Air,biofMP,mp2,3.2090147248145615e-10,"[0.0, 0.0, 0.0, 0.0, 0.0]",0.0,0.0,0.0,0.0,0.0,0.0,0.0,0,0.0,0.0,0.0,0,0.0,0.0,0.0,0.0,0.0,"[5.335372549019609e-06, 1.3695156862745097e-07, 1.403637254901961e-07, 8.716509803921569e-07, 1.377270588235294e-06, 4.590901960784314e-08]",0.0
Air,biofMP,mp3,3.2090147248145615e-10,"[0.0, 0.0, 0.0, 0.0, 0.0]",0.0,0.0,0.0,0.0,0.0,0.0,0.0,0,0.0,0.0,0.0,0,0.0,0.0,0.0,0.0,0.0,"[5.335372549019609e-06, 1.3695156862745097e-07, 1.403637254901961e-07, 8.716509803921569e-07, 1.377270588235294e-06, 4.590901960784314e-08]",0.0
Air,biofMP,mp4,3.2090147248145615e-10,"[0.0, 0.0, 0.0, 0.0, 0.0]",0.0,0.0,0.0,0.0,0.0,0.0,0.0,0,0.0,0.0,0.0,0,0.0,0.0,0.0,0.0,0.0,"[5.335372549019609e-06, 1.3695156862745097e-07, 1.403637254901961e-07, 8.716509803921569e-07, 1.377270588235294e-06, 4.590901960784314e-08]",0.0
Air,biofMP,mp5,3.2090147248145615e-10,"[0.0, 0.0, 0.0, 0.0, 0.0]",0.0,0.0,0.0,0.0,0.0,0.0,0.0,0,0.0,0.0,0.0,0,0.0,0.0,0.0,0.0,0.0,"[5.335372549019609e-06, 1.3695156862745097e-07, 1.403637254901961e-07, 8.716509803921569e-07, 1.377270588235294e-06, 4.590901960784314e-08]",0.0
Air,heterBiofMP,mp1,8.022536812036404e-11,"[0.0, 0.0, 0.0, 0.0, 0.0]",0.0,0.0,0.0,0.0,0.0,0.0,0.0,0,0.0,0.0,0.0,0,0.0,0.0,0.0,0.0,0.0,"[5.335372549019609e-06, 1.3695156862745097e-07, 1.403637254901961e-07, 8.716509803921569e-07, 1.377270588235294e-06, 4.590901960784314e-08]",0.0
Air,heterBiofMP,mp2,8.022536812036404e-11,"[0.0, 0.0, 0.0, 0.0, 0.0]",0.0,0.0,0.0,0.0,0.0,0.0,0.0,0,0.0,0.0,0.0,0,0.0,0.0,0.0,0.0,0.0,"[5.335372549019609e-06, 1.3695156862745097e-07, 1.403637254901961e-07, 8.716509803921569e-07, 1.377270588235294e-06, 4.590901960784314e-08]",0.0
Air,heterBiofMP,mp3,8.022536812036404e-11,"[0.0, 0.0, 0.0, 0.0, 0.0]",0.0,0.0,0.0,0.0,0.0,0.0,0.0,0,0.0,0.0,0.0,0,0.0,0.0,0.0,0.0,0.0,"[5.335372549019609e-06, 1.3695156862745097e-07, 1.403637254901961e-07, 8.716509803921569e-07, 1.377270588235294e-06, 4.590901960784314e-08]",0.0
Air,heterBiofMP,mp4,8.022536812036404e-11,"[0.0, 0.0, 0.0, 0.0, 0.0]",0.0,0.0,0.0,0.0,0.0,0.0,0.0,0,0.0,0.0,0.0,0,0.0,0.0,0.0,0.0,0.0,"[5.335372549019609e-06, 1.3695156862745097e-07, 1.403637254901961e-07, 8.716509803921569e-07, 1.377270588235294e-06, 4.590901960784314e-08]",0.0
Air,heterBiofMP,mp5,8.022536812036404e-11,"[0.0, 0.0, 0.0, 0.0, 0.0]",0.0,0.0,0.0,0.0,0.0,0.0,0.0,0,0.0,0.0,0.0,0,0.0,0.0,0.0,0.0,0.0,"[5.335372549019609e-06, 1.3695156862745097e-07, 1.403637254901961e-07, 8.716509803921569e-07, 1.377270588235294e-06, 4.590901960784314e-08]",0.0
